-- phpMyAdmin SQL Dump
-- version 4.8.5
-- https://www.phpmyadmin.net/
--
-- Host: localhost
-- Generation Time: Aug 31, 2019 at 12:47 PM
-- Server version: 10.1.38-MariaDB
-- PHP Version: 7.3.3

SET SQL_MODE = "NO_AUTO_VALUE_ON_ZERO";
SET AUTOCOMMIT = 0;
START TRANSACTION;
SET time_zone = "+00:00";


/*!40101 SET @OLD_CHARACTER_SET_CLIENT=@@CHARACTER_SET_CLIENT */;
/*!40101 SET @OLD_CHARACTER_SET_RESULTS=@@CHARACTER_SET_RESULTS */;
/*!40101 SET @OLD_COLLATION_CONNECTION=@@COLLATION_CONNECTION */;
/*!40101 SET NAMES utf8mb4 */;

--
-- Database: `booking_core`
--

-- --------------------------------------------------------

--
-- Table structure for table `bravo_attrs`
--

CREATE TABLE `bravo_attrs` (
  `id` bigint(20) UNSIGNED NOT NULL,
  `name` varchar(255) COLLATE utf8mb4_unicode_ci DEFAULT NULL,
  `slug` varchar(255) COLLATE utf8mb4_unicode_ci DEFAULT NULL,
  `service` varchar(50) COLLATE utf8mb4_unicode_ci DEFAULT NULL,
  `create_user` bigint(20) DEFAULT NULL,
  `update_user` bigint(20) DEFAULT NULL,
  `created_at` timestamp NULL DEFAULT NULL,
  `updated_at` timestamp NULL DEFAULT NULL
) ENGINE=InnoDB DEFAULT CHARSET=utf8mb4 COLLATE=utf8mb4_unicode_ci;

--
-- Dumping data for table `bravo_attrs`
--

INSERT INTO `bravo_attrs` (`id`, `name`, `slug`, `service`, `create_user`, `update_user`, `created_at`, `updated_at`) VALUES
(1, 'Travel Styles', 'travel-styles', 'tour', NULL, NULL, '2019-08-31 07:41:24', '2019-08-31 07:41:24'),
(2, 'Facilities', 'facilities', 'tour', NULL, NULL, '2019-08-31 07:41:24', '2019-08-31 07:41:24');

-- --------------------------------------------------------

--
-- Table structure for table `bravo_bookings`
--

CREATE TABLE `bravo_bookings` (
  `id` bigint(20) UNSIGNED NOT NULL,
  `code` varchar(64) COLLATE utf8mb4_unicode_ci DEFAULT NULL,
  `vendor_id` int(11) DEFAULT NULL,
  `customer_id` int(11) DEFAULT NULL,
  `payment_id` int(11) DEFAULT NULL,
  `gateway` varchar(50) COLLATE utf8mb4_unicode_ci DEFAULT NULL,
  `object_id` int(11) DEFAULT NULL,
  `object_model` varchar(255) COLLATE utf8mb4_unicode_ci DEFAULT NULL,
  `start_date` datetime DEFAULT NULL,
  `end_date` datetime DEFAULT NULL,
  `total` decimal(10,2) DEFAULT NULL,
  `total_guests` int(11) DEFAULT NULL,
  `currency` varchar(5) COLLATE utf8mb4_unicode_ci DEFAULT NULL,
  `status` varchar(30) COLLATE utf8mb4_unicode_ci DEFAULT NULL,
  `deposit` decimal(10,2) DEFAULT NULL,
  `deposit_type` varchar(30) COLLATE utf8mb4_unicode_ci DEFAULT NULL,
  `commission` decimal(10,2) DEFAULT NULL,
  `commission_type` varchar(30) COLLATE utf8mb4_unicode_ci DEFAULT NULL,
  `email` varchar(255) COLLATE utf8mb4_unicode_ci DEFAULT NULL,
  `first_name` varchar(255) COLLATE utf8mb4_unicode_ci DEFAULT NULL,
  `last_name` varchar(255) COLLATE utf8mb4_unicode_ci DEFAULT NULL,
  `phone` varchar(255) COLLATE utf8mb4_unicode_ci DEFAULT NULL,
  `address` varchar(255) COLLATE utf8mb4_unicode_ci DEFAULT NULL,
  `address2` varchar(255) COLLATE utf8mb4_unicode_ci DEFAULT NULL,
  `city` varchar(255) COLLATE utf8mb4_unicode_ci DEFAULT NULL,
  `state` varchar(255) COLLATE utf8mb4_unicode_ci DEFAULT NULL,
  `zip_code` varchar(255) COLLATE utf8mb4_unicode_ci DEFAULT NULL,
  `country` varchar(255) COLLATE utf8mb4_unicode_ci DEFAULT NULL,
  `customer_notes` text COLLATE utf8mb4_unicode_ci,
  `create_user` int(11) DEFAULT NULL,
  `update_user` int(11) DEFAULT NULL,
  `deleted_at` timestamp NULL DEFAULT NULL,
  `created_at` timestamp NULL DEFAULT NULL,
  `updated_at` timestamp NULL DEFAULT NULL
) ENGINE=InnoDB DEFAULT CHARSET=utf8mb4 COLLATE=utf8mb4_unicode_ci;

--
-- Dumping data for table `bravo_bookings`
--

INSERT INTO `bravo_bookings` (`id`, `code`, `vendor_id`, `customer_id`, `payment_id`, `gateway`, `object_id`, `object_model`, `start_date`, `end_date`, `total`, `total_guests`, `currency`, `status`, `deposit`, `deposit_type`, `commission`, `commission_type`, `email`, `first_name`, `last_name`, `phone`, `address`, `address2`, `city`, `state`, `zip_code`, `country`, `customer_notes`, `create_user`, `update_user`, `deleted_at`, `created_at`, `updated_at`) VALUES
(1, '999c512561024583df614674e6bf2263', 1, 5, NULL, 'offline_payment', 9, 'tour', '2019-08-31 00:00:00', '2019-08-31 09:00:00', '1100.00', 1, NULL, 'processing', NULL, NULL, NULL, NULL, 'martinezmbithi@gmail.com', 'Martin', 'Mbithi', '0737229776', NULL, NULL, NULL, NULL, NULL, 'KE', NULL, 5, 5, NULL, '2019-08-31 07:43:38', '2019-08-31 07:44:13');

-- --------------------------------------------------------

--
-- Table structure for table `bravo_booking_meta`
--

CREATE TABLE `bravo_booking_meta` (
  `id` bigint(20) UNSIGNED NOT NULL,
  `booking_id` int(11) DEFAULT NULL,
  `name` varchar(255) COLLATE utf8mb4_unicode_ci DEFAULT NULL,
  `val` text COLLATE utf8mb4_unicode_ci,
  `create_user` int(11) DEFAULT NULL,
  `update_user` int(11) DEFAULT NULL,
  `created_at` timestamp NULL DEFAULT NULL,
  `updated_at` timestamp NULL DEFAULT NULL
) ENGINE=InnoDB DEFAULT CHARSET=utf8mb4 COLLATE=utf8mb4_unicode_ci;

--
-- Dumping data for table `bravo_booking_meta`
--

INSERT INTO `bravo_booking_meta` (`id`, `booking_id`, `name`, `val`, `create_user`, `update_user`, `created_at`, `updated_at`) VALUES
(1, 1, 'duration', '9', NULL, NULL, NULL, NULL),
(2, 1, 'base_price', '1580.00', NULL, NULL, NULL, NULL),
(3, 1, 'guests', '1', NULL, NULL, NULL, NULL),
(4, 1, 'extra_price', '[{\"name\":\"Clean\",\"price\":\"100\",\"type\":\"one_time\",\"total\":\"100\"}]', NULL, NULL, NULL, NULL),
(5, 1, 'person_types', '[{\"name\":\"Adult\",\"desc\":\"Age 18+\",\"min\":\"1\",\"max\":\"10\",\"price\":\"1000\",\"number\":\"1\"}]', NULL, NULL, NULL, NULL),
(6, 1, 'discount_by_people', '[]', NULL, NULL, NULL, NULL);

-- --------------------------------------------------------

--
-- Table structure for table `bravo_booking_payments`
--

CREATE TABLE `bravo_booking_payments` (
  `id` bigint(20) UNSIGNED NOT NULL,
  `booking_id` int(11) DEFAULT NULL,
  `payment_gateway` varchar(50) COLLATE utf8mb4_unicode_ci DEFAULT NULL,
  `amount` decimal(10,2) DEFAULT NULL,
  `currency` varchar(10) COLLATE utf8mb4_unicode_ci DEFAULT NULL,
  `converted_amount` decimal(10,2) DEFAULT NULL,
  `converted_currency` varchar(10) COLLATE utf8mb4_unicode_ci DEFAULT NULL,
  `exchange_rate` decimal(10,2) DEFAULT NULL,
  `status` varchar(30) COLLATE utf8mb4_unicode_ci DEFAULT NULL,
  `logs` text COLLATE utf8mb4_unicode_ci,
  `create_user` int(11) DEFAULT NULL,
  `update_user` int(11) DEFAULT NULL,
  `created_at` timestamp NULL DEFAULT NULL,
  `updated_at` timestamp NULL DEFAULT NULL
) ENGINE=InnoDB DEFAULT CHARSET=utf8mb4 COLLATE=utf8mb4_unicode_ci;

-- --------------------------------------------------------

--
-- Table structure for table `bravo_contact`
--

CREATE TABLE `bravo_contact` (
  `id` bigint(20) UNSIGNED NOT NULL,
  `name` varchar(255) COLLATE utf8mb4_unicode_ci DEFAULT NULL,
  `email` varchar(255) COLLATE utf8mb4_unicode_ci DEFAULT NULL,
  `message` text COLLATE utf8mb4_unicode_ci,
  `status` varchar(50) COLLATE utf8mb4_unicode_ci DEFAULT NULL,
  `create_user` int(11) DEFAULT NULL,
  `update_user` int(11) DEFAULT NULL,
  `deleted_at` timestamp NULL DEFAULT NULL,
  `created_at` timestamp NULL DEFAULT NULL,
  `updated_at` timestamp NULL DEFAULT NULL
) ENGINE=InnoDB DEFAULT CHARSET=utf8mb4 COLLATE=utf8mb4_unicode_ci;

-- --------------------------------------------------------

--
-- Table structure for table `bravo_locations`
--

CREATE TABLE `bravo_locations` (
  `id` bigint(20) UNSIGNED NOT NULL,
  `name` varchar(255) COLLATE utf8mb4_unicode_ci DEFAULT NULL,
  `content` text COLLATE utf8mb4_unicode_ci,
  `slug` varchar(255) COLLATE utf8mb4_unicode_ci DEFAULT NULL,
  `image_id` int(11) DEFAULT NULL,
  `map_lat` varchar(20) COLLATE utf8mb4_unicode_ci DEFAULT NULL,
  `map_lng` varchar(20) COLLATE utf8mb4_unicode_ci DEFAULT NULL,
  `map_zoom` int(11) DEFAULT NULL,
  `status` varchar(50) COLLATE utf8mb4_unicode_ci DEFAULT NULL,
  `_lft` int(10) UNSIGNED NOT NULL DEFAULT '0',
  `_rgt` int(10) UNSIGNED NOT NULL DEFAULT '0',
  `parent_id` int(10) UNSIGNED DEFAULT NULL,
  `create_user` int(11) DEFAULT NULL,
  `update_user` int(11) DEFAULT NULL,
  `deleted_at` timestamp NULL DEFAULT NULL,
  `origin_id` bigint(20) DEFAULT NULL,
  `lang` varchar(10) COLLATE utf8mb4_unicode_ci DEFAULT NULL,
  `created_at` timestamp NULL DEFAULT NULL,
  `updated_at` timestamp NULL DEFAULT NULL
) ENGINE=InnoDB DEFAULT CHARSET=utf8mb4 COLLATE=utf8mb4_unicode_ci;

--
-- Dumping data for table `bravo_locations`
--

INSERT INTO `bravo_locations` (`id`, `name`, `content`, `slug`, `image_id`, `map_lat`, `map_lng`, `map_zoom`, `status`, `_lft`, `_rgt`, `parent_id`, `create_user`, `update_user`, `deleted_at`, `origin_id`, `lang`, `created_at`, `updated_at`) VALUES
(1, 'Paris', NULL, 'paris', 50, '48.856613', '2.352222', 12, 'publish', 1, 2, NULL, 1, NULL, NULL, NULL, NULL, '2019-08-31 07:41:09', '2019-08-31 07:41:09'),
(2, 'New York, United States', NULL, 'new-york-united-states', 51, '40.712776', '-74.005974', 12, 'publish', 3, 4, NULL, 1, NULL, NULL, NULL, NULL, '2019-08-31 07:41:09', '2019-08-31 07:41:09'),
(3, 'California', NULL, 'california', 52, '36.778259', '-119.417931', 12, 'publish', 5, 6, NULL, 1, NULL, NULL, NULL, NULL, '2019-08-31 07:41:09', '2019-08-31 07:41:09'),
(4, 'United States', NULL, 'united-states', 53, '37.090240', '-95.712891', 12, 'publish', 7, 8, NULL, 1, NULL, NULL, NULL, NULL, '2019-08-31 07:41:09', '2019-08-31 07:41:09'),
(5, 'Los Angeles', NULL, 'los-angeles', 54, '34.052235', '-118.243683', 12, 'publish', 9, 10, NULL, 1, NULL, NULL, NULL, NULL, '2019-08-31 07:41:09', '2019-08-31 07:41:09'),
(6, 'New Jersey', NULL, 'new-jersey', 50, '40.058323', '-74.405663', 12, 'publish', 11, 12, NULL, 1, NULL, NULL, NULL, NULL, '2019-08-31 07:41:09', '2019-08-31 07:41:09'),
(7, 'San Francisco', NULL, 'san-francisco', 51, '37.774929', '-122.419418', 12, 'publish', 13, 14, NULL, 1, NULL, NULL, NULL, NULL, '2019-08-31 07:41:09', '2019-08-31 07:41:09'),
(8, 'Virginia', NULL, 'virginia', 52, '37.431572', '-78.656891', 12, 'publish', 15, 16, NULL, 1, NULL, NULL, NULL, NULL, '2019-08-31 07:41:09', '2019-08-31 07:41:09');

-- --------------------------------------------------------

--
-- Table structure for table `bravo_review`
--

CREATE TABLE `bravo_review` (
  `id` bigint(20) UNSIGNED NOT NULL,
  `object_id` int(11) DEFAULT NULL,
  `object_model` varchar(255) COLLATE utf8mb4_unicode_ci DEFAULT NULL,
  `title` varchar(255) COLLATE utf8mb4_unicode_ci DEFAULT NULL,
  `content` text COLLATE utf8mb4_unicode_ci,
  `rate_number` int(11) DEFAULT NULL,
  `author_ip` varchar(100) COLLATE utf8mb4_unicode_ci DEFAULT NULL,
  `status` varchar(50) COLLATE utf8mb4_unicode_ci DEFAULT NULL,
  `publish_date` datetime DEFAULT NULL,
  `create_user` bigint(20) DEFAULT NULL,
  `update_user` bigint(20) DEFAULT NULL,
  `deleted_at` timestamp NULL DEFAULT NULL,
  `lang` varchar(10) COLLATE utf8mb4_unicode_ci DEFAULT NULL,
  `created_at` timestamp NULL DEFAULT NULL,
  `updated_at` timestamp NULL DEFAULT NULL
) ENGINE=InnoDB DEFAULT CHARSET=utf8mb4 COLLATE=utf8mb4_unicode_ci;

--
-- Dumping data for table `bravo_review`
--

INSERT INTO `bravo_review` (`id`, `object_id`, `object_model`, `title`, `content`, `rate_number`, `author_ip`, `status`, `publish_date`, `create_user`, `update_user`, `deleted_at`, `lang`, `created_at`, `updated_at`) VALUES
(1, 1, 'tour', 'Good Trip', 'Eum eu sumo albucius perfecto, commodo torquatos consequuntur pro ut, id posse splendide ius. Cu nisl putent omittantur usu, mutat atomorum ex pro, ius nibh nonumy id. Nam at eius dissentias disputando, molestie mnesarchum complectitur per te', 4, '127.0.0.1', 'approved', '2019-08-31 10:41:12', 1, NULL, NULL, NULL, '2019-08-31 07:41:12', '2019-08-31 07:41:12'),
(2, 1, 'tour', 'Easy way to discover the city', 'Eum eu sumo albucius perfecto, commodo torquatos consequuntur pro ut, id posse splendide ius. Cu nisl putent omittantur usu, mutat atomorum ex pro, ius nibh nonumy id. Nam at eius dissentias disputando, molestie mnesarchum complectitur per te', 5, '127.0.0.1', 'approved', '2019-08-31 10:41:13', 1, NULL, NULL, NULL, '2019-08-31 07:41:13', '2019-08-31 07:41:13'),
(3, 1, 'tour', 'Good Trip', 'Eum eu sumo albucius perfecto, commodo torquatos consequuntur pro ut, id posse splendide ius. Cu nisl putent omittantur usu, mutat atomorum ex pro, ius nibh nonumy id. Nam at eius dissentias disputando, molestie mnesarchum complectitur per te', 4, '127.0.0.1', 'approved', '2019-08-31 10:41:13', 1, NULL, NULL, NULL, '2019-08-31 07:41:13', '2019-08-31 07:41:13'),
(4, 2, 'tour', 'Good Trip', 'Eum eu sumo albucius perfecto, commodo torquatos consequuntur pro ut, id posse splendide ius. Cu nisl putent omittantur usu, mutat atomorum ex pro, ius nibh nonumy id. Nam at eius dissentias disputando, molestie mnesarchum complectitur per te', 5, '127.0.0.1', 'approved', '2019-08-31 10:41:13', 1, NULL, NULL, NULL, '2019-08-31 07:41:13', '2019-08-31 07:41:13'),
(5, 2, 'tour', 'Easy way to discover the city', 'Eum eu sumo albucius perfecto, commodo torquatos consequuntur pro ut, id posse splendide ius. Cu nisl putent omittantur usu, mutat atomorum ex pro, ius nibh nonumy id. Nam at eius dissentias disputando, molestie mnesarchum complectitur per te', 5, '127.0.0.1', 'approved', '2019-08-31 10:41:13', 1, NULL, NULL, NULL, '2019-08-31 07:41:13', '2019-08-31 07:41:13'),
(6, 3, 'tour', 'Good Trip', 'Eum eu sumo albucius perfecto, commodo torquatos consequuntur pro ut, id posse splendide ius. Cu nisl putent omittantur usu, mutat atomorum ex pro, ius nibh nonumy id. Nam at eius dissentias disputando, molestie mnesarchum complectitur per te', 4, '127.0.0.1', 'approved', '2019-08-31 10:41:14', 1, NULL, NULL, NULL, '2019-08-31 07:41:14', '2019-08-31 07:41:14'),
(7, 3, 'tour', 'Great Trip', 'Eum eu sumo albucius perfecto, commodo torquatos consequuntur pro ut, id posse splendide ius. Cu nisl putent omittantur usu, mutat atomorum ex pro, ius nibh nonumy id. Nam at eius dissentias disputando, molestie mnesarchum complectitur per te', 4, '127.0.0.1', 'approved', '2019-08-31 10:41:14', 1, NULL, NULL, NULL, '2019-08-31 07:41:14', '2019-08-31 07:41:14'),
(8, 3, 'tour', 'Easy way to discover the city', 'Eum eu sumo albucius perfecto, commodo torquatos consequuntur pro ut, id posse splendide ius. Cu nisl putent omittantur usu, mutat atomorum ex pro, ius nibh nonumy id. Nam at eius dissentias disputando, molestie mnesarchum complectitur per te', 5, '127.0.0.1', 'approved', '2019-08-31 10:41:14', 1, NULL, NULL, NULL, '2019-08-31 07:41:14', '2019-08-31 07:41:14'),
(9, 4, 'tour', 'Good Trip', 'Eum eu sumo albucius perfecto, commodo torquatos consequuntur pro ut, id posse splendide ius. Cu nisl putent omittantur usu, mutat atomorum ex pro, ius nibh nonumy id. Nam at eius dissentias disputando, molestie mnesarchum complectitur per te', 5, '127.0.0.1', 'approved', '2019-08-31 10:41:15', 1, NULL, NULL, NULL, '2019-08-31 07:41:15', '2019-08-31 07:41:15'),
(10, 4, 'tour', 'Great Trip', 'Eum eu sumo albucius perfecto, commodo torquatos consequuntur pro ut, id posse splendide ius. Cu nisl putent omittantur usu, mutat atomorum ex pro, ius nibh nonumy id. Nam at eius dissentias disputando, molestie mnesarchum complectitur per te', 5, '127.0.0.1', 'approved', '2019-08-31 10:41:15', 1, NULL, NULL, NULL, '2019-08-31 07:41:15', '2019-08-31 07:41:15'),
(11, 5, 'tour', 'Great Trip', 'Eum eu sumo albucius perfecto, commodo torquatos consequuntur pro ut, id posse splendide ius. Cu nisl putent omittantur usu, mutat atomorum ex pro, ius nibh nonumy id. Nam at eius dissentias disputando, molestie mnesarchum complectitur per te', 4, '127.0.0.1', 'approved', '2019-08-31 10:41:15', 1, NULL, NULL, NULL, '2019-08-31 07:41:15', '2019-08-31 07:41:15'),
(12, 5, 'tour', 'Trip was great', 'Eum eu sumo albucius perfecto, commodo torquatos consequuntur pro ut, id posse splendide ius. Cu nisl putent omittantur usu, mutat atomorum ex pro, ius nibh nonumy id. Nam at eius dissentias disputando, molestie mnesarchum complectitur per te', 5, '127.0.0.1', 'approved', '2019-08-31 10:41:15', 1, NULL, NULL, NULL, '2019-08-31 07:41:15', '2019-08-31 07:41:15'),
(13, 5, 'tour', 'Trip was great', 'Eum eu sumo albucius perfecto, commodo torquatos consequuntur pro ut, id posse splendide ius. Cu nisl putent omittantur usu, mutat atomorum ex pro, ius nibh nonumy id. Nam at eius dissentias disputando, molestie mnesarchum complectitur per te', 4, '127.0.0.1', 'approved', '2019-08-31 10:41:16', 1, NULL, NULL, NULL, '2019-08-31 07:41:16', '2019-08-31 07:41:16'),
(14, 6, 'tour', 'Easy way to discover the city', 'Eum eu sumo albucius perfecto, commodo torquatos consequuntur pro ut, id posse splendide ius. Cu nisl putent omittantur usu, mutat atomorum ex pro, ius nibh nonumy id. Nam at eius dissentias disputando, molestie mnesarchum complectitur per te', 5, '127.0.0.1', 'approved', '2019-08-31 10:41:16', 1, NULL, NULL, NULL, '2019-08-31 07:41:16', '2019-08-31 07:41:16'),
(15, 6, 'tour', 'Good Trip', 'Eum eu sumo albucius perfecto, commodo torquatos consequuntur pro ut, id posse splendide ius. Cu nisl putent omittantur usu, mutat atomorum ex pro, ius nibh nonumy id. Nam at eius dissentias disputando, molestie mnesarchum complectitur per te', 5, '127.0.0.1', 'approved', '2019-08-31 10:41:16', 1, NULL, NULL, NULL, '2019-08-31 07:41:16', '2019-08-31 07:41:16'),
(16, 6, 'tour', 'Trip was great', 'Eum eu sumo albucius perfecto, commodo torquatos consequuntur pro ut, id posse splendide ius. Cu nisl putent omittantur usu, mutat atomorum ex pro, ius nibh nonumy id. Nam at eius dissentias disputando, molestie mnesarchum complectitur per te', 5, '127.0.0.1', 'approved', '2019-08-31 10:41:16', 1, NULL, NULL, NULL, '2019-08-31 07:41:16', '2019-08-31 07:41:16'),
(17, 6, 'tour', 'Easy way to discover the city', 'Eum eu sumo albucius perfecto, commodo torquatos consequuntur pro ut, id posse splendide ius. Cu nisl putent omittantur usu, mutat atomorum ex pro, ius nibh nonumy id. Nam at eius dissentias disputando, molestie mnesarchum complectitur per te', 4, '127.0.0.1', 'approved', '2019-08-31 10:41:17', 1, NULL, NULL, NULL, '2019-08-31 07:41:17', '2019-08-31 07:41:17'),
(18, 7, 'tour', 'Good Trip', 'Eum eu sumo albucius perfecto, commodo torquatos consequuntur pro ut, id posse splendide ius. Cu nisl putent omittantur usu, mutat atomorum ex pro, ius nibh nonumy id. Nam at eius dissentias disputando, molestie mnesarchum complectitur per te', 5, '127.0.0.1', 'approved', '2019-08-31 10:41:17', 1, NULL, NULL, NULL, '2019-08-31 07:41:17', '2019-08-31 07:41:17'),
(19, 7, 'tour', 'Trip was great', 'Eum eu sumo albucius perfecto, commodo torquatos consequuntur pro ut, id posse splendide ius. Cu nisl putent omittantur usu, mutat atomorum ex pro, ius nibh nonumy id. Nam at eius dissentias disputando, molestie mnesarchum complectitur per te', 5, '127.0.0.1', 'approved', '2019-08-31 10:41:17', 1, NULL, NULL, NULL, '2019-08-31 07:41:17', '2019-08-31 07:41:17'),
(20, 8, 'tour', 'Great Trip', 'Eum eu sumo albucius perfecto, commodo torquatos consequuntur pro ut, id posse splendide ius. Cu nisl putent omittantur usu, mutat atomorum ex pro, ius nibh nonumy id. Nam at eius dissentias disputando, molestie mnesarchum complectitur per te', 5, '127.0.0.1', 'approved', '2019-08-31 10:41:17', 1, NULL, NULL, NULL, '2019-08-31 07:41:17', '2019-08-31 07:41:17'),
(21, 8, 'tour', 'Trip was great', 'Eum eu sumo albucius perfecto, commodo torquatos consequuntur pro ut, id posse splendide ius. Cu nisl putent omittantur usu, mutat atomorum ex pro, ius nibh nonumy id. Nam at eius dissentias disputando, molestie mnesarchum complectitur per te', 5, '127.0.0.1', 'approved', '2019-08-31 10:41:17', 1, NULL, NULL, NULL, '2019-08-31 07:41:18', '2019-08-31 07:41:18'),
(22, 8, 'tour', 'Easy way to discover the city', 'Eum eu sumo albucius perfecto, commodo torquatos consequuntur pro ut, id posse splendide ius. Cu nisl putent omittantur usu, mutat atomorum ex pro, ius nibh nonumy id. Nam at eius dissentias disputando, molestie mnesarchum complectitur per te', 4, '127.0.0.1', 'approved', '2019-08-31 10:41:18', 1, NULL, NULL, NULL, '2019-08-31 07:41:18', '2019-08-31 07:41:18'),
(23, 9, 'tour', 'Trip was great', 'Eum eu sumo albucius perfecto, commodo torquatos consequuntur pro ut, id posse splendide ius. Cu nisl putent omittantur usu, mutat atomorum ex pro, ius nibh nonumy id. Nam at eius dissentias disputando, molestie mnesarchum complectitur per te', 5, '127.0.0.1', 'approved', '2019-08-31 10:41:18', 1, NULL, NULL, NULL, '2019-08-31 07:41:18', '2019-08-31 07:41:18'),
(24, 9, 'tour', 'Good Trip', 'Eum eu sumo albucius perfecto, commodo torquatos consequuntur pro ut, id posse splendide ius. Cu nisl putent omittantur usu, mutat atomorum ex pro, ius nibh nonumy id. Nam at eius dissentias disputando, molestie mnesarchum complectitur per te', 5, '127.0.0.1', 'approved', '2019-08-31 10:41:18', 1, NULL, NULL, NULL, '2019-08-31 07:41:18', '2019-08-31 07:41:18'),
(25, 9, 'tour', 'Trip was great', 'Eum eu sumo albucius perfecto, commodo torquatos consequuntur pro ut, id posse splendide ius. Cu nisl putent omittantur usu, mutat atomorum ex pro, ius nibh nonumy id. Nam at eius dissentias disputando, molestie mnesarchum complectitur per te', 5, '127.0.0.1', 'approved', '2019-08-31 10:41:19', 1, NULL, NULL, NULL, '2019-08-31 07:41:19', '2019-08-31 07:41:19'),
(26, 9, 'tour', 'Trip was great', 'Eum eu sumo albucius perfecto, commodo torquatos consequuntur pro ut, id posse splendide ius. Cu nisl putent omittantur usu, mutat atomorum ex pro, ius nibh nonumy id. Nam at eius dissentias disputando, molestie mnesarchum complectitur per te', 5, '127.0.0.1', 'approved', '2019-08-31 10:41:19', 1, NULL, NULL, NULL, '2019-08-31 07:41:19', '2019-08-31 07:41:19'),
(27, 10, 'tour', 'Great Trip', 'Eum eu sumo albucius perfecto, commodo torquatos consequuntur pro ut, id posse splendide ius. Cu nisl putent omittantur usu, mutat atomorum ex pro, ius nibh nonumy id. Nam at eius dissentias disputando, molestie mnesarchum complectitur per te', 4, '127.0.0.1', 'approved', '2019-08-31 10:41:19', 1, NULL, NULL, NULL, '2019-08-31 07:41:19', '2019-08-31 07:41:19'),
(28, 10, 'tour', 'Trip was great', 'Eum eu sumo albucius perfecto, commodo torquatos consequuntur pro ut, id posse splendide ius. Cu nisl putent omittantur usu, mutat atomorum ex pro, ius nibh nonumy id. Nam at eius dissentias disputando, molestie mnesarchum complectitur per te', 5, '127.0.0.1', 'approved', '2019-08-31 10:41:19', 1, NULL, NULL, NULL, '2019-08-31 07:41:19', '2019-08-31 07:41:19'),
(29, 11, 'tour', 'Good Trip', 'Eum eu sumo albucius perfecto, commodo torquatos consequuntur pro ut, id posse splendide ius. Cu nisl putent omittantur usu, mutat atomorum ex pro, ius nibh nonumy id. Nam at eius dissentias disputando, molestie mnesarchum complectitur per te', 4, '127.0.0.1', 'approved', '2019-08-31 10:41:20', 1, NULL, NULL, NULL, '2019-08-31 07:41:20', '2019-08-31 07:41:20'),
(30, 12, 'tour', 'Trip was great', 'Eum eu sumo albucius perfecto, commodo torquatos consequuntur pro ut, id posse splendide ius. Cu nisl putent omittantur usu, mutat atomorum ex pro, ius nibh nonumy id. Nam at eius dissentias disputando, molestie mnesarchum complectitur per te', 5, '127.0.0.1', 'approved', '2019-08-31 10:41:20', 1, NULL, NULL, NULL, '2019-08-31 07:41:20', '2019-08-31 07:41:20'),
(31, 12, 'tour', 'Trip was great', 'Eum eu sumo albucius perfecto, commodo torquatos consequuntur pro ut, id posse splendide ius. Cu nisl putent omittantur usu, mutat atomorum ex pro, ius nibh nonumy id. Nam at eius dissentias disputando, molestie mnesarchum complectitur per te', 5, '127.0.0.1', 'approved', '2019-08-31 10:41:20', 1, NULL, NULL, NULL, '2019-08-31 07:41:20', '2019-08-31 07:41:20'),
(32, 12, 'tour', 'Easy way to discover the city', 'Eum eu sumo albucius perfecto, commodo torquatos consequuntur pro ut, id posse splendide ius. Cu nisl putent omittantur usu, mutat atomorum ex pro, ius nibh nonumy id. Nam at eius dissentias disputando, molestie mnesarchum complectitur per te', 5, '127.0.0.1', 'approved', '2019-08-31 10:41:20', 1, NULL, NULL, NULL, '2019-08-31 07:41:20', '2019-08-31 07:41:20'),
(33, 12, 'tour', 'Easy way to discover the city', 'Eum eu sumo albucius perfecto, commodo torquatos consequuntur pro ut, id posse splendide ius. Cu nisl putent omittantur usu, mutat atomorum ex pro, ius nibh nonumy id. Nam at eius dissentias disputando, molestie mnesarchum complectitur per te', 4, '127.0.0.1', 'approved', '2019-08-31 10:41:20', 1, NULL, NULL, NULL, '2019-08-31 07:41:20', '2019-08-31 07:41:20'),
(34, 12, 'tour', 'Easy way to discover the city', 'Eum eu sumo albucius perfecto, commodo torquatos consequuntur pro ut, id posse splendide ius. Cu nisl putent omittantur usu, mutat atomorum ex pro, ius nibh nonumy id. Nam at eius dissentias disputando, molestie mnesarchum complectitur per te', 4, '127.0.0.1', 'approved', '2019-08-31 10:41:21', 1, NULL, NULL, NULL, '2019-08-31 07:41:21', '2019-08-31 07:41:21'),
(35, 13, 'tour', 'Good Trip', 'Eum eu sumo albucius perfecto, commodo torquatos consequuntur pro ut, id posse splendide ius. Cu nisl putent omittantur usu, mutat atomorum ex pro, ius nibh nonumy id. Nam at eius dissentias disputando, molestie mnesarchum complectitur per te', 4, '127.0.0.1', 'approved', '2019-08-31 10:41:21', 1, NULL, NULL, NULL, '2019-08-31 07:41:21', '2019-08-31 07:41:21'),
(36, 13, 'tour', 'Good Trip', 'Eum eu sumo albucius perfecto, commodo torquatos consequuntur pro ut, id posse splendide ius. Cu nisl putent omittantur usu, mutat atomorum ex pro, ius nibh nonumy id. Nam at eius dissentias disputando, molestie mnesarchum complectitur per te', 4, '127.0.0.1', 'approved', '2019-08-31 10:41:21', 1, NULL, NULL, NULL, '2019-08-31 07:41:21', '2019-08-31 07:41:21'),
(37, 13, 'tour', 'Easy way to discover the city', 'Eum eu sumo albucius perfecto, commodo torquatos consequuntur pro ut, id posse splendide ius. Cu nisl putent omittantur usu, mutat atomorum ex pro, ius nibh nonumy id. Nam at eius dissentias disputando, molestie mnesarchum complectitur per te', 5, '127.0.0.1', 'approved', '2019-08-31 10:41:21', 1, NULL, NULL, NULL, '2019-08-31 07:41:21', '2019-08-31 07:41:21'),
(38, 13, 'tour', 'Trip was great', 'Eum eu sumo albucius perfecto, commodo torquatos consequuntur pro ut, id posse splendide ius. Cu nisl putent omittantur usu, mutat atomorum ex pro, ius nibh nonumy id. Nam at eius dissentias disputando, molestie mnesarchum complectitur per te', 4, '127.0.0.1', 'approved', '2019-08-31 10:41:22', 1, NULL, NULL, NULL, '2019-08-31 07:41:22', '2019-08-31 07:41:22'),
(39, 14, 'tour', 'Trip was great', 'Eum eu sumo albucius perfecto, commodo torquatos consequuntur pro ut, id posse splendide ius. Cu nisl putent omittantur usu, mutat atomorum ex pro, ius nibh nonumy id. Nam at eius dissentias disputando, molestie mnesarchum complectitur per te', 4, '127.0.0.1', 'approved', '2019-08-31 10:41:22', 1, NULL, NULL, NULL, '2019-08-31 07:41:22', '2019-08-31 07:41:22'),
(40, 14, 'tour', 'Good Trip', 'Eum eu sumo albucius perfecto, commodo torquatos consequuntur pro ut, id posse splendide ius. Cu nisl putent omittantur usu, mutat atomorum ex pro, ius nibh nonumy id. Nam at eius dissentias disputando, molestie mnesarchum complectitur per te', 4, '127.0.0.1', 'approved', '2019-08-31 10:41:22', 1, NULL, NULL, NULL, '2019-08-31 07:41:22', '2019-08-31 07:41:22'),
(41, 15, 'tour', 'Good Trip', 'Eum eu sumo albucius perfecto, commodo torquatos consequuntur pro ut, id posse splendide ius. Cu nisl putent omittantur usu, mutat atomorum ex pro, ius nibh nonumy id. Nam at eius dissentias disputando, molestie mnesarchum complectitur per te', 5, '127.0.0.1', 'approved', '2019-08-31 10:41:22', 1, NULL, NULL, NULL, '2019-08-31 07:41:22', '2019-08-31 07:41:22'),
(42, 15, 'tour', 'Good Trip', 'Eum eu sumo albucius perfecto, commodo torquatos consequuntur pro ut, id posse splendide ius. Cu nisl putent omittantur usu, mutat atomorum ex pro, ius nibh nonumy id. Nam at eius dissentias disputando, molestie mnesarchum complectitur per te', 4, '127.0.0.1', 'approved', '2019-08-31 10:41:23', 1, NULL, NULL, NULL, '2019-08-31 07:41:23', '2019-08-31 07:41:23'),
(43, 15, 'tour', 'Easy way to discover the city', 'Eum eu sumo albucius perfecto, commodo torquatos consequuntur pro ut, id posse splendide ius. Cu nisl putent omittantur usu, mutat atomorum ex pro, ius nibh nonumy id. Nam at eius dissentias disputando, molestie mnesarchum complectitur per te', 4, '127.0.0.1', 'approved', '2019-08-31 10:41:23', 1, NULL, NULL, NULL, '2019-08-31 07:41:23', '2019-08-31 07:41:23'),
(44, 16, 'tour', 'Easy way to discover the city', 'Eum eu sumo albucius perfecto, commodo torquatos consequuntur pro ut, id posse splendide ius. Cu nisl putent omittantur usu, mutat atomorum ex pro, ius nibh nonumy id. Nam at eius dissentias disputando, molestie mnesarchum complectitur per te', 5, '127.0.0.1', 'approved', '2019-08-31 10:41:23', 1, NULL, NULL, NULL, '2019-08-31 07:41:23', '2019-08-31 07:41:23'),
(45, 16, 'tour', 'Trip was great', 'Eum eu sumo albucius perfecto, commodo torquatos consequuntur pro ut, id posse splendide ius. Cu nisl putent omittantur usu, mutat atomorum ex pro, ius nibh nonumy id. Nam at eius dissentias disputando, molestie mnesarchum complectitur per te', 5, '127.0.0.1', 'approved', '2019-08-31 10:41:23', 1, NULL, NULL, NULL, '2019-08-31 07:41:23', '2019-08-31 07:41:23');

-- --------------------------------------------------------

--
-- Table structure for table `bravo_review_meta`
--

CREATE TABLE `bravo_review_meta` (
  `id` bigint(20) UNSIGNED NOT NULL,
  `review_id` int(11) DEFAULT NULL,
  `object_id` int(11) DEFAULT NULL,
  `object_model` varchar(255) COLLATE utf8mb4_unicode_ci DEFAULT NULL,
  `name` varchar(255) COLLATE utf8mb4_unicode_ci DEFAULT NULL,
  `val` text COLLATE utf8mb4_unicode_ci,
  `create_user` int(11) DEFAULT NULL,
  `update_user` int(11) DEFAULT NULL,
  `created_at` timestamp NULL DEFAULT NULL,
  `updated_at` timestamp NULL DEFAULT NULL
) ENGINE=InnoDB DEFAULT CHARSET=utf8mb4 COLLATE=utf8mb4_unicode_ci;

--
-- Dumping data for table `bravo_review_meta`
--

INSERT INTO `bravo_review_meta` (`id`, `review_id`, `object_id`, `object_model`, `name`, `val`, `create_user`, `update_user`, `created_at`, `updated_at`) VALUES
(1, 1, 1, 'tour', 'Service', '5', 1, NULL, '2019-08-31 07:41:12', '2019-08-31 07:41:12'),
(2, 1, 1, 'tour', 'Organization', '4', 1, NULL, '2019-08-31 07:41:12', '2019-08-31 07:41:12'),
(3, 1, 1, 'tour', 'Friendliness', '5', 1, NULL, '2019-08-31 07:41:12', '2019-08-31 07:41:12'),
(4, 1, 1, 'tour', 'Area Expert', '4', 1, NULL, '2019-08-31 07:41:12', '2019-08-31 07:41:12'),
(5, 1, 1, 'tour', 'Safety', '4', 1, NULL, '2019-08-31 07:41:13', '2019-08-31 07:41:13'),
(6, 2, 1, 'tour', 'Service', '5', 1, NULL, '2019-08-31 07:41:13', '2019-08-31 07:41:13'),
(7, 2, 1, 'tour', 'Organization', '5', 1, NULL, '2019-08-31 07:41:13', '2019-08-31 07:41:13'),
(8, 2, 1, 'tour', 'Friendliness', '4', 1, NULL, '2019-08-31 07:41:13', '2019-08-31 07:41:13'),
(9, 2, 1, 'tour', 'Area Expert', '4', 1, NULL, '2019-08-31 07:41:13', '2019-08-31 07:41:13'),
(10, 2, 1, 'tour', 'Safety', '5', 1, NULL, '2019-08-31 07:41:13', '2019-08-31 07:41:13'),
(11, 3, 1, 'tour', 'Service', '5', 1, NULL, '2019-08-31 07:41:13', '2019-08-31 07:41:13'),
(12, 3, 1, 'tour', 'Organization', '4', 1, NULL, '2019-08-31 07:41:13', '2019-08-31 07:41:13'),
(13, 3, 1, 'tour', 'Friendliness', '4', 1, NULL, '2019-08-31 07:41:13', '2019-08-31 07:41:13'),
(14, 3, 1, 'tour', 'Area Expert', '4', 1, NULL, '2019-08-31 07:41:13', '2019-08-31 07:41:13'),
(15, 3, 1, 'tour', 'Safety', '5', 1, NULL, '2019-08-31 07:41:13', '2019-08-31 07:41:13'),
(16, 4, 2, 'tour', 'Service', '4', 1, NULL, '2019-08-31 07:41:13', '2019-08-31 07:41:13'),
(17, 4, 2, 'tour', 'Organization', '5', 1, NULL, '2019-08-31 07:41:13', '2019-08-31 07:41:13'),
(18, 4, 2, 'tour', 'Friendliness', '5', 1, NULL, '2019-08-31 07:41:13', '2019-08-31 07:41:13'),
(19, 4, 2, 'tour', 'Area Expert', '5', 1, NULL, '2019-08-31 07:41:13', '2019-08-31 07:41:13'),
(20, 4, 2, 'tour', 'Safety', '4', 1, NULL, '2019-08-31 07:41:13', '2019-08-31 07:41:13'),
(21, 5, 2, 'tour', 'Service', '5', 1, NULL, '2019-08-31 07:41:14', '2019-08-31 07:41:14'),
(22, 5, 2, 'tour', 'Organization', '4', 1, NULL, '2019-08-31 07:41:14', '2019-08-31 07:41:14'),
(23, 5, 2, 'tour', 'Friendliness', '4', 1, NULL, '2019-08-31 07:41:14', '2019-08-31 07:41:14'),
(24, 5, 2, 'tour', 'Area Expert', '5', 1, NULL, '2019-08-31 07:41:14', '2019-08-31 07:41:14'),
(25, 5, 2, 'tour', 'Safety', '5', 1, NULL, '2019-08-31 07:41:14', '2019-08-31 07:41:14'),
(26, 6, 3, 'tour', 'Service', '4', 1, NULL, '2019-08-31 07:41:14', '2019-08-31 07:41:14'),
(27, 6, 3, 'tour', 'Organization', '4', 1, NULL, '2019-08-31 07:41:14', '2019-08-31 07:41:14'),
(28, 6, 3, 'tour', 'Friendliness', '4', 1, NULL, '2019-08-31 07:41:14', '2019-08-31 07:41:14'),
(29, 6, 3, 'tour', 'Area Expert', '4', 1, NULL, '2019-08-31 07:41:14', '2019-08-31 07:41:14'),
(30, 6, 3, 'tour', 'Safety', '5', 1, NULL, '2019-08-31 07:41:14', '2019-08-31 07:41:14'),
(31, 7, 3, 'tour', 'Service', '4', 1, NULL, '2019-08-31 07:41:14', '2019-08-31 07:41:14'),
(32, 7, 3, 'tour', 'Organization', '5', 1, NULL, '2019-08-31 07:41:14', '2019-08-31 07:41:14'),
(33, 7, 3, 'tour', 'Friendliness', '4', 1, NULL, '2019-08-31 07:41:14', '2019-08-31 07:41:14'),
(34, 7, 3, 'tour', 'Area Expert', '5', 1, NULL, '2019-08-31 07:41:14', '2019-08-31 07:41:14'),
(35, 7, 3, 'tour', 'Safety', '4', 1, NULL, '2019-08-31 07:41:14', '2019-08-31 07:41:14'),
(36, 8, 3, 'tour', 'Service', '5', 1, NULL, '2019-08-31 07:41:14', '2019-08-31 07:41:14'),
(37, 8, 3, 'tour', 'Organization', '5', 1, NULL, '2019-08-31 07:41:14', '2019-08-31 07:41:14'),
(38, 8, 3, 'tour', 'Friendliness', '4', 1, NULL, '2019-08-31 07:41:14', '2019-08-31 07:41:14'),
(39, 8, 3, 'tour', 'Area Expert', '4', 1, NULL, '2019-08-31 07:41:14', '2019-08-31 07:41:14'),
(40, 8, 3, 'tour', 'Safety', '5', 1, NULL, '2019-08-31 07:41:14', '2019-08-31 07:41:14'),
(41, 9, 4, 'tour', 'Service', '5', 1, NULL, '2019-08-31 07:41:15', '2019-08-31 07:41:15'),
(42, 9, 4, 'tour', 'Organization', '4', 1, NULL, '2019-08-31 07:41:15', '2019-08-31 07:41:15'),
(43, 9, 4, 'tour', 'Friendliness', '4', 1, NULL, '2019-08-31 07:41:15', '2019-08-31 07:41:15'),
(44, 9, 4, 'tour', 'Area Expert', '5', 1, NULL, '2019-08-31 07:41:15', '2019-08-31 07:41:15'),
(45, 9, 4, 'tour', 'Safety', '5', 1, NULL, '2019-08-31 07:41:15', '2019-08-31 07:41:15'),
(46, 10, 4, 'tour', 'Service', '4', 1, NULL, '2019-08-31 07:41:15', '2019-08-31 07:41:15'),
(47, 10, 4, 'tour', 'Organization', '5', 1, NULL, '2019-08-31 07:41:15', '2019-08-31 07:41:15'),
(48, 10, 4, 'tour', 'Friendliness', '5', 1, NULL, '2019-08-31 07:41:15', '2019-08-31 07:41:15'),
(49, 10, 4, 'tour', 'Area Expert', '5', 1, NULL, '2019-08-31 07:41:15', '2019-08-31 07:41:15'),
(50, 10, 4, 'tour', 'Safety', '5', 1, NULL, '2019-08-31 07:41:15', '2019-08-31 07:41:15'),
(51, 11, 5, 'tour', 'Service', '5', 1, NULL, '2019-08-31 07:41:15', '2019-08-31 07:41:15'),
(52, 11, 5, 'tour', 'Organization', '4', 1, NULL, '2019-08-31 07:41:15', '2019-08-31 07:41:15'),
(53, 11, 5, 'tour', 'Friendliness', '4', 1, NULL, '2019-08-31 07:41:15', '2019-08-31 07:41:15'),
(54, 11, 5, 'tour', 'Area Expert', '4', 1, NULL, '2019-08-31 07:41:15', '2019-08-31 07:41:15'),
(55, 11, 5, 'tour', 'Safety', '4', 1, NULL, '2019-08-31 07:41:15', '2019-08-31 07:41:15'),
(56, 12, 5, 'tour', 'Service', '5', 1, NULL, '2019-08-31 07:41:15', '2019-08-31 07:41:15'),
(57, 12, 5, 'tour', 'Organization', '5', 1, NULL, '2019-08-31 07:41:15', '2019-08-31 07:41:15'),
(58, 12, 5, 'tour', 'Friendliness', '4', 1, NULL, '2019-08-31 07:41:15', '2019-08-31 07:41:15'),
(59, 12, 5, 'tour', 'Area Expert', '5', 1, NULL, '2019-08-31 07:41:15', '2019-08-31 07:41:15'),
(60, 12, 5, 'tour', 'Safety', '5', 1, NULL, '2019-08-31 07:41:15', '2019-08-31 07:41:15'),
(61, 13, 5, 'tour', 'Service', '4', 1, NULL, '2019-08-31 07:41:16', '2019-08-31 07:41:16'),
(62, 13, 5, 'tour', 'Organization', '4', 1, NULL, '2019-08-31 07:41:16', '2019-08-31 07:41:16'),
(63, 13, 5, 'tour', 'Friendliness', '5', 1, NULL, '2019-08-31 07:41:16', '2019-08-31 07:41:16'),
(64, 13, 5, 'tour', 'Area Expert', '4', 1, NULL, '2019-08-31 07:41:16', '2019-08-31 07:41:16'),
(65, 13, 5, 'tour', 'Safety', '4', 1, NULL, '2019-08-31 07:41:16', '2019-08-31 07:41:16'),
(66, 14, 6, 'tour', 'Service', '4', 1, NULL, '2019-08-31 07:41:16', '2019-08-31 07:41:16'),
(67, 14, 6, 'tour', 'Organization', '4', 1, NULL, '2019-08-31 07:41:16', '2019-08-31 07:41:16'),
(68, 14, 6, 'tour', 'Friendliness', '5', 1, NULL, '2019-08-31 07:41:16', '2019-08-31 07:41:16'),
(69, 14, 6, 'tour', 'Area Expert', '5', 1, NULL, '2019-08-31 07:41:16', '2019-08-31 07:41:16'),
(70, 14, 6, 'tour', 'Safety', '5', 1, NULL, '2019-08-31 07:41:16', '2019-08-31 07:41:16'),
(71, 15, 6, 'tour', 'Service', '5', 1, NULL, '2019-08-31 07:41:16', '2019-08-31 07:41:16'),
(72, 15, 6, 'tour', 'Organization', '4', 1, NULL, '2019-08-31 07:41:16', '2019-08-31 07:41:16'),
(73, 15, 6, 'tour', 'Friendliness', '5', 1, NULL, '2019-08-31 07:41:16', '2019-08-31 07:41:16'),
(74, 15, 6, 'tour', 'Area Expert', '5', 1, NULL, '2019-08-31 07:41:16', '2019-08-31 07:41:16'),
(75, 15, 6, 'tour', 'Safety', '5', 1, NULL, '2019-08-31 07:41:16', '2019-08-31 07:41:16'),
(76, 16, 6, 'tour', 'Service', '5', 1, NULL, '2019-08-31 07:41:16', '2019-08-31 07:41:16'),
(77, 16, 6, 'tour', 'Organization', '4', 1, NULL, '2019-08-31 07:41:16', '2019-08-31 07:41:16'),
(78, 16, 6, 'tour', 'Friendliness', '4', 1, NULL, '2019-08-31 07:41:16', '2019-08-31 07:41:16'),
(79, 16, 6, 'tour', 'Area Expert', '5', 1, NULL, '2019-08-31 07:41:16', '2019-08-31 07:41:16'),
(80, 16, 6, 'tour', 'Safety', '5', 1, NULL, '2019-08-31 07:41:17', '2019-08-31 07:41:17'),
(81, 17, 6, 'tour', 'Service', '4', 1, NULL, '2019-08-31 07:41:17', '2019-08-31 07:41:17'),
(82, 17, 6, 'tour', 'Organization', '5', 1, NULL, '2019-08-31 07:41:17', '2019-08-31 07:41:17'),
(83, 17, 6, 'tour', 'Friendliness', '4', 1, NULL, '2019-08-31 07:41:17', '2019-08-31 07:41:17'),
(84, 17, 6, 'tour', 'Area Expert', '4', 1, NULL, '2019-08-31 07:41:17', '2019-08-31 07:41:17'),
(85, 17, 6, 'tour', 'Safety', '4', 1, NULL, '2019-08-31 07:41:17', '2019-08-31 07:41:17'),
(86, 18, 7, 'tour', 'Service', '5', 1, NULL, '2019-08-31 07:41:17', '2019-08-31 07:41:17'),
(87, 18, 7, 'tour', 'Organization', '4', 1, NULL, '2019-08-31 07:41:17', '2019-08-31 07:41:17'),
(88, 18, 7, 'tour', 'Friendliness', '5', 1, NULL, '2019-08-31 07:41:17', '2019-08-31 07:41:17'),
(89, 18, 7, 'tour', 'Area Expert', '5', 1, NULL, '2019-08-31 07:41:17', '2019-08-31 07:41:17'),
(90, 18, 7, 'tour', 'Safety', '4', 1, NULL, '2019-08-31 07:41:17', '2019-08-31 07:41:17'),
(91, 19, 7, 'tour', 'Service', '5', 1, NULL, '2019-08-31 07:41:17', '2019-08-31 07:41:17'),
(92, 19, 7, 'tour', 'Organization', '5', 1, NULL, '2019-08-31 07:41:17', '2019-08-31 07:41:17'),
(93, 19, 7, 'tour', 'Friendliness', '5', 1, NULL, '2019-08-31 07:41:17', '2019-08-31 07:41:17'),
(94, 19, 7, 'tour', 'Area Expert', '5', 1, NULL, '2019-08-31 07:41:17', '2019-08-31 07:41:17'),
(95, 19, 7, 'tour', 'Safety', '4', 1, NULL, '2019-08-31 07:41:17', '2019-08-31 07:41:17'),
(96, 20, 8, 'tour', 'Service', '5', 1, NULL, '2019-08-31 07:41:17', '2019-08-31 07:41:17'),
(97, 20, 8, 'tour', 'Organization', '4', 1, NULL, '2019-08-31 07:41:17', '2019-08-31 07:41:17'),
(98, 20, 8, 'tour', 'Friendliness', '5', 1, NULL, '2019-08-31 07:41:17', '2019-08-31 07:41:17'),
(99, 20, 8, 'tour', 'Area Expert', '4', 1, NULL, '2019-08-31 07:41:17', '2019-08-31 07:41:17'),
(100, 20, 8, 'tour', 'Safety', '5', 1, NULL, '2019-08-31 07:41:17', '2019-08-31 07:41:17'),
(101, 21, 8, 'tour', 'Service', '5', 1, NULL, '2019-08-31 07:41:18', '2019-08-31 07:41:18'),
(102, 21, 8, 'tour', 'Organization', '5', 1, NULL, '2019-08-31 07:41:18', '2019-08-31 07:41:18'),
(103, 21, 8, 'tour', 'Friendliness', '5', 1, NULL, '2019-08-31 07:41:18', '2019-08-31 07:41:18'),
(104, 21, 8, 'tour', 'Area Expert', '4', 1, NULL, '2019-08-31 07:41:18', '2019-08-31 07:41:18'),
(105, 21, 8, 'tour', 'Safety', '5', 1, NULL, '2019-08-31 07:41:18', '2019-08-31 07:41:18'),
(106, 22, 8, 'tour', 'Service', '4', 1, NULL, '2019-08-31 07:41:18', '2019-08-31 07:41:18'),
(107, 22, 8, 'tour', 'Organization', '4', 1, NULL, '2019-08-31 07:41:18', '2019-08-31 07:41:18'),
(108, 22, 8, 'tour', 'Friendliness', '5', 1, NULL, '2019-08-31 07:41:18', '2019-08-31 07:41:18'),
(109, 22, 8, 'tour', 'Area Expert', '4', 1, NULL, '2019-08-31 07:41:18', '2019-08-31 07:41:18'),
(110, 22, 8, 'tour', 'Safety', '5', 1, NULL, '2019-08-31 07:41:18', '2019-08-31 07:41:18'),
(111, 23, 9, 'tour', 'Service', '5', 1, NULL, '2019-08-31 07:41:18', '2019-08-31 07:41:18'),
(112, 23, 9, 'tour', 'Organization', '5', 1, NULL, '2019-08-31 07:41:18', '2019-08-31 07:41:18'),
(113, 23, 9, 'tour', 'Friendliness', '4', 1, NULL, '2019-08-31 07:41:18', '2019-08-31 07:41:18'),
(114, 23, 9, 'tour', 'Area Expert', '5', 1, NULL, '2019-08-31 07:41:18', '2019-08-31 07:41:18'),
(115, 23, 9, 'tour', 'Safety', '4', 1, NULL, '2019-08-31 07:41:18', '2019-08-31 07:41:18'),
(116, 24, 9, 'tour', 'Service', '5', 1, NULL, '2019-08-31 07:41:18', '2019-08-31 07:41:18'),
(117, 24, 9, 'tour', 'Organization', '5', 1, NULL, '2019-08-31 07:41:18', '2019-08-31 07:41:18'),
(118, 24, 9, 'tour', 'Friendliness', '5', 1, NULL, '2019-08-31 07:41:18', '2019-08-31 07:41:18'),
(119, 24, 9, 'tour', 'Area Expert', '4', 1, NULL, '2019-08-31 07:41:18', '2019-08-31 07:41:18'),
(120, 24, 9, 'tour', 'Safety', '4', 1, NULL, '2019-08-31 07:41:18', '2019-08-31 07:41:18'),
(121, 25, 9, 'tour', 'Service', '4', 1, NULL, '2019-08-31 07:41:19', '2019-08-31 07:41:19'),
(122, 25, 9, 'tour', 'Organization', '5', 1, NULL, '2019-08-31 07:41:19', '2019-08-31 07:41:19'),
(123, 25, 9, 'tour', 'Friendliness', '5', 1, NULL, '2019-08-31 07:41:19', '2019-08-31 07:41:19'),
(124, 25, 9, 'tour', 'Area Expert', '4', 1, NULL, '2019-08-31 07:41:19', '2019-08-31 07:41:19'),
(125, 25, 9, 'tour', 'Safety', '5', 1, NULL, '2019-08-31 07:41:19', '2019-08-31 07:41:19'),
(126, 26, 9, 'tour', 'Service', '5', 1, NULL, '2019-08-31 07:41:19', '2019-08-31 07:41:19'),
(127, 26, 9, 'tour', 'Organization', '5', 1, NULL, '2019-08-31 07:41:19', '2019-08-31 07:41:19'),
(128, 26, 9, 'tour', 'Friendliness', '4', 1, NULL, '2019-08-31 07:41:19', '2019-08-31 07:41:19'),
(129, 26, 9, 'tour', 'Area Expert', '5', 1, NULL, '2019-08-31 07:41:19', '2019-08-31 07:41:19'),
(130, 26, 9, 'tour', 'Safety', '5', 1, NULL, '2019-08-31 07:41:19', '2019-08-31 07:41:19'),
(131, 27, 10, 'tour', 'Service', '4', 1, NULL, '2019-08-31 07:41:19', '2019-08-31 07:41:19'),
(132, 27, 10, 'tour', 'Organization', '5', 1, NULL, '2019-08-31 07:41:19', '2019-08-31 07:41:19'),
(133, 27, 10, 'tour', 'Friendliness', '4', 1, NULL, '2019-08-31 07:41:19', '2019-08-31 07:41:19'),
(134, 27, 10, 'tour', 'Area Expert', '5', 1, NULL, '2019-08-31 07:41:19', '2019-08-31 07:41:19'),
(135, 27, 10, 'tour', 'Safety', '4', 1, NULL, '2019-08-31 07:41:19', '2019-08-31 07:41:19'),
(136, 28, 10, 'tour', 'Service', '5', 1, NULL, '2019-08-31 07:41:19', '2019-08-31 07:41:19'),
(137, 28, 10, 'tour', 'Organization', '5', 1, NULL, '2019-08-31 07:41:19', '2019-08-31 07:41:19'),
(138, 28, 10, 'tour', 'Friendliness', '4', 1, NULL, '2019-08-31 07:41:19', '2019-08-31 07:41:19'),
(139, 28, 10, 'tour', 'Area Expert', '5', 1, NULL, '2019-08-31 07:41:19', '2019-08-31 07:41:19'),
(140, 28, 10, 'tour', 'Safety', '4', 1, NULL, '2019-08-31 07:41:19', '2019-08-31 07:41:19'),
(141, 29, 11, 'tour', 'Service', '4', 1, NULL, '2019-08-31 07:41:20', '2019-08-31 07:41:20'),
(142, 29, 11, 'tour', 'Organization', '4', 1, NULL, '2019-08-31 07:41:20', '2019-08-31 07:41:20'),
(143, 29, 11, 'tour', 'Friendliness', '4', 1, NULL, '2019-08-31 07:41:20', '2019-08-31 07:41:20'),
(144, 29, 11, 'tour', 'Area Expert', '5', 1, NULL, '2019-08-31 07:41:20', '2019-08-31 07:41:20'),
(145, 29, 11, 'tour', 'Safety', '4', 1, NULL, '2019-08-31 07:41:20', '2019-08-31 07:41:20'),
(146, 30, 12, 'tour', 'Service', '5', 1, NULL, '2019-08-31 07:41:20', '2019-08-31 07:41:20'),
(147, 30, 12, 'tour', 'Organization', '4', 1, NULL, '2019-08-31 07:41:20', '2019-08-31 07:41:20'),
(148, 30, 12, 'tour', 'Friendliness', '5', 1, NULL, '2019-08-31 07:41:20', '2019-08-31 07:41:20'),
(149, 30, 12, 'tour', 'Area Expert', '5', 1, NULL, '2019-08-31 07:41:20', '2019-08-31 07:41:20'),
(150, 30, 12, 'tour', 'Safety', '4', 1, NULL, '2019-08-31 07:41:20', '2019-08-31 07:41:20'),
(151, 31, 12, 'tour', 'Service', '4', 1, NULL, '2019-08-31 07:41:20', '2019-08-31 07:41:20'),
(152, 31, 12, 'tour', 'Organization', '5', 1, NULL, '2019-08-31 07:41:20', '2019-08-31 07:41:20'),
(153, 31, 12, 'tour', 'Friendliness', '4', 1, NULL, '2019-08-31 07:41:20', '2019-08-31 07:41:20'),
(154, 31, 12, 'tour', 'Area Expert', '5', 1, NULL, '2019-08-31 07:41:20', '2019-08-31 07:41:20'),
(155, 31, 12, 'tour', 'Safety', '5', 1, NULL, '2019-08-31 07:41:20', '2019-08-31 07:41:20'),
(156, 32, 12, 'tour', 'Service', '4', 1, NULL, '2019-08-31 07:41:20', '2019-08-31 07:41:20'),
(157, 32, 12, 'tour', 'Organization', '5', 1, NULL, '2019-08-31 07:41:20', '2019-08-31 07:41:20'),
(158, 32, 12, 'tour', 'Friendliness', '5', 1, NULL, '2019-08-31 07:41:20', '2019-08-31 07:41:20'),
(159, 32, 12, 'tour', 'Area Expert', '5', 1, NULL, '2019-08-31 07:41:20', '2019-08-31 07:41:20'),
(160, 32, 12, 'tour', 'Safety', '5', 1, NULL, '2019-08-31 07:41:20', '2019-08-31 07:41:20'),
(161, 33, 12, 'tour', 'Service', '4', 1, NULL, '2019-08-31 07:41:21', '2019-08-31 07:41:21'),
(162, 33, 12, 'tour', 'Organization', '5', 1, NULL, '2019-08-31 07:41:21', '2019-08-31 07:41:21'),
(163, 33, 12, 'tour', 'Friendliness', '4', 1, NULL, '2019-08-31 07:41:21', '2019-08-31 07:41:21'),
(164, 33, 12, 'tour', 'Area Expert', '4', 1, NULL, '2019-08-31 07:41:21', '2019-08-31 07:41:21'),
(165, 33, 12, 'tour', 'Safety', '5', 1, NULL, '2019-08-31 07:41:21', '2019-08-31 07:41:21'),
(166, 34, 12, 'tour', 'Service', '4', 1, NULL, '2019-08-31 07:41:21', '2019-08-31 07:41:21'),
(167, 34, 12, 'tour', 'Organization', '5', 1, NULL, '2019-08-31 07:41:21', '2019-08-31 07:41:21'),
(168, 34, 12, 'tour', 'Friendliness', '4', 1, NULL, '2019-08-31 07:41:21', '2019-08-31 07:41:21'),
(169, 34, 12, 'tour', 'Area Expert', '5', 1, NULL, '2019-08-31 07:41:21', '2019-08-31 07:41:21'),
(170, 34, 12, 'tour', 'Safety', '4', 1, NULL, '2019-08-31 07:41:21', '2019-08-31 07:41:21'),
(171, 35, 13, 'tour', 'Service', '5', 1, NULL, '2019-08-31 07:41:21', '2019-08-31 07:41:21'),
(172, 35, 13, 'tour', 'Organization', '4', 1, NULL, '2019-08-31 07:41:21', '2019-08-31 07:41:21'),
(173, 35, 13, 'tour', 'Friendliness', '5', 1, NULL, '2019-08-31 07:41:21', '2019-08-31 07:41:21'),
(174, 35, 13, 'tour', 'Area Expert', '4', 1, NULL, '2019-08-31 07:41:21', '2019-08-31 07:41:21'),
(175, 35, 13, 'tour', 'Safety', '4', 1, NULL, '2019-08-31 07:41:21', '2019-08-31 07:41:21'),
(176, 36, 13, 'tour', 'Service', '5', 1, NULL, '2019-08-31 07:41:21', '2019-08-31 07:41:21'),
(177, 36, 13, 'tour', 'Organization', '4', 1, NULL, '2019-08-31 07:41:21', '2019-08-31 07:41:21'),
(178, 36, 13, 'tour', 'Friendliness', '4', 1, NULL, '2019-08-31 07:41:21', '2019-08-31 07:41:21'),
(179, 36, 13, 'tour', 'Area Expert', '4', 1, NULL, '2019-08-31 07:41:21', '2019-08-31 07:41:21'),
(180, 36, 13, 'tour', 'Safety', '5', 1, NULL, '2019-08-31 07:41:21', '2019-08-31 07:41:21'),
(181, 37, 13, 'tour', 'Service', '4', 1, NULL, '2019-08-31 07:41:22', '2019-08-31 07:41:22'),
(182, 37, 13, 'tour', 'Organization', '5', 1, NULL, '2019-08-31 07:41:22', '2019-08-31 07:41:22'),
(183, 37, 13, 'tour', 'Friendliness', '5', 1, NULL, '2019-08-31 07:41:22', '2019-08-31 07:41:22'),
(184, 37, 13, 'tour', 'Area Expert', '5', 1, NULL, '2019-08-31 07:41:22', '2019-08-31 07:41:22'),
(185, 37, 13, 'tour', 'Safety', '4', 1, NULL, '2019-08-31 07:41:22', '2019-08-31 07:41:22'),
(186, 38, 13, 'tour', 'Service', '4', 1, NULL, '2019-08-31 07:41:22', '2019-08-31 07:41:22'),
(187, 38, 13, 'tour', 'Organization', '5', 1, NULL, '2019-08-31 07:41:22', '2019-08-31 07:41:22'),
(188, 38, 13, 'tour', 'Friendliness', '4', 1, NULL, '2019-08-31 07:41:22', '2019-08-31 07:41:22'),
(189, 38, 13, 'tour', 'Area Expert', '4', 1, NULL, '2019-08-31 07:41:22', '2019-08-31 07:41:22'),
(190, 38, 13, 'tour', 'Safety', '4', 1, NULL, '2019-08-31 07:41:22', '2019-08-31 07:41:22'),
(191, 39, 14, 'tour', 'Service', '4', 1, NULL, '2019-08-31 07:41:22', '2019-08-31 07:41:22'),
(192, 39, 14, 'tour', 'Organization', '4', 1, NULL, '2019-08-31 07:41:22', '2019-08-31 07:41:22'),
(193, 39, 14, 'tour', 'Friendliness', '4', 1, NULL, '2019-08-31 07:41:22', '2019-08-31 07:41:22'),
(194, 39, 14, 'tour', 'Area Expert', '4', 1, NULL, '2019-08-31 07:41:22', '2019-08-31 07:41:22'),
(195, 39, 14, 'tour', 'Safety', '5', 1, NULL, '2019-08-31 07:41:22', '2019-08-31 07:41:22'),
(196, 40, 14, 'tour', 'Service', '4', 1, NULL, '2019-08-31 07:41:22', '2019-08-31 07:41:22'),
(197, 40, 14, 'tour', 'Organization', '5', 1, NULL, '2019-08-31 07:41:22', '2019-08-31 07:41:22'),
(198, 40, 14, 'tour', 'Friendliness', '4', 1, NULL, '2019-08-31 07:41:22', '2019-08-31 07:41:22'),
(199, 40, 14, 'tour', 'Area Expert', '4', 1, NULL, '2019-08-31 07:41:22', '2019-08-31 07:41:22'),
(200, 40, 14, 'tour', 'Safety', '4', 1, NULL, '2019-08-31 07:41:22', '2019-08-31 07:41:22'),
(201, 41, 15, 'tour', 'Service', '4', 1, NULL, '2019-08-31 07:41:22', '2019-08-31 07:41:22'),
(202, 41, 15, 'tour', 'Organization', '5', 1, NULL, '2019-08-31 07:41:22', '2019-08-31 07:41:22'),
(203, 41, 15, 'tour', 'Friendliness', '4', 1, NULL, '2019-08-31 07:41:23', '2019-08-31 07:41:23'),
(204, 41, 15, 'tour', 'Area Expert', '5', 1, NULL, '2019-08-31 07:41:23', '2019-08-31 07:41:23'),
(205, 41, 15, 'tour', 'Safety', '5', 1, NULL, '2019-08-31 07:41:23', '2019-08-31 07:41:23'),
(206, 42, 15, 'tour', 'Service', '4', 1, NULL, '2019-08-31 07:41:23', '2019-08-31 07:41:23'),
(207, 42, 15, 'tour', 'Organization', '4', 1, NULL, '2019-08-31 07:41:23', '2019-08-31 07:41:23'),
(208, 42, 15, 'tour', 'Friendliness', '5', 1, NULL, '2019-08-31 07:41:23', '2019-08-31 07:41:23'),
(209, 42, 15, 'tour', 'Area Expert', '5', 1, NULL, '2019-08-31 07:41:23', '2019-08-31 07:41:23'),
(210, 42, 15, 'tour', 'Safety', '4', 1, NULL, '2019-08-31 07:41:23', '2019-08-31 07:41:23'),
(211, 43, 15, 'tour', 'Service', '5', 1, NULL, '2019-08-31 07:41:23', '2019-08-31 07:41:23'),
(212, 43, 15, 'tour', 'Organization', '5', 1, NULL, '2019-08-31 07:41:23', '2019-08-31 07:41:23'),
(213, 43, 15, 'tour', 'Friendliness', '4', 1, NULL, '2019-08-31 07:41:23', '2019-08-31 07:41:23'),
(214, 43, 15, 'tour', 'Area Expert', '4', 1, NULL, '2019-08-31 07:41:23', '2019-08-31 07:41:23'),
(215, 43, 15, 'tour', 'Safety', '4', 1, NULL, '2019-08-31 07:41:23', '2019-08-31 07:41:23'),
(216, 44, 16, 'tour', 'Service', '5', 1, NULL, '2019-08-31 07:41:23', '2019-08-31 07:41:23'),
(217, 44, 16, 'tour', 'Organization', '4', 1, NULL, '2019-08-31 07:41:23', '2019-08-31 07:41:23'),
(218, 44, 16, 'tour', 'Friendliness', '5', 1, NULL, '2019-08-31 07:41:23', '2019-08-31 07:41:23'),
(219, 44, 16, 'tour', 'Area Expert', '5', 1, NULL, '2019-08-31 07:41:23', '2019-08-31 07:41:23'),
(220, 44, 16, 'tour', 'Safety', '4', 1, NULL, '2019-08-31 07:41:23', '2019-08-31 07:41:23'),
(221, 45, 16, 'tour', 'Service', '5', 1, NULL, '2019-08-31 07:41:23', '2019-08-31 07:41:23'),
(222, 45, 16, 'tour', 'Organization', '5', 1, NULL, '2019-08-31 07:41:23', '2019-08-31 07:41:23'),
(223, 45, 16, 'tour', 'Friendliness', '5', 1, NULL, '2019-08-31 07:41:23', '2019-08-31 07:41:23'),
(224, 45, 16, 'tour', 'Area Expert', '5', 1, NULL, '2019-08-31 07:41:24', '2019-08-31 07:41:24'),
(225, 45, 16, 'tour', 'Safety', '4', 1, NULL, '2019-08-31 07:41:24', '2019-08-31 07:41:24');

-- --------------------------------------------------------

--
-- Table structure for table `bravo_seo`
--

CREATE TABLE `bravo_seo` (
  `id` bigint(20) UNSIGNED NOT NULL,
  `object_id` int(11) DEFAULT NULL,
  `object_model` varchar(255) COLLATE utf8mb4_unicode_ci DEFAULT NULL,
  `seo_index` tinyint(4) DEFAULT NULL,
  `seo_title` varchar(255) COLLATE utf8mb4_unicode_ci DEFAULT NULL,
  `seo_desc` text COLLATE utf8mb4_unicode_ci,
  `seo_image` int(11) DEFAULT NULL,
  `seo_share` text COLLATE utf8mb4_unicode_ci,
  `create_user` bigint(20) DEFAULT NULL,
  `update_user` bigint(20) DEFAULT NULL,
  `origin_id` bigint(20) DEFAULT NULL,
  `lang` varchar(10) COLLATE utf8mb4_unicode_ci DEFAULT NULL,
  `created_at` timestamp NULL DEFAULT NULL,
  `updated_at` timestamp NULL DEFAULT NULL
) ENGINE=InnoDB DEFAULT CHARSET=utf8mb4 COLLATE=utf8mb4_unicode_ci;

-- --------------------------------------------------------

--
-- Table structure for table `bravo_terms`
--

CREATE TABLE `bravo_terms` (
  `id` bigint(20) UNSIGNED NOT NULL,
  `name` varchar(255) COLLATE utf8mb4_unicode_ci DEFAULT NULL,
  `content` text COLLATE utf8mb4_unicode_ci,
  `attr_id` int(11) DEFAULT NULL,
  `slug` varchar(255) COLLATE utf8mb4_unicode_ci DEFAULT NULL,
  `create_user` bigint(20) DEFAULT NULL,
  `update_user` bigint(20) DEFAULT NULL,
  `origin_id` bigint(20) DEFAULT NULL,
  `lang` varchar(10) COLLATE utf8mb4_unicode_ci DEFAULT NULL,
  `created_at` timestamp NULL DEFAULT NULL,
  `updated_at` timestamp NULL DEFAULT NULL
) ENGINE=InnoDB DEFAULT CHARSET=utf8mb4 COLLATE=utf8mb4_unicode_ci;

--
-- Dumping data for table `bravo_terms`
--

INSERT INTO `bravo_terms` (`id`, `name`, `content`, `attr_id`, `slug`, `create_user`, `update_user`, `origin_id`, `lang`, `created_at`, `updated_at`) VALUES
(1, 'Cultural', NULL, 1, 'cultural', NULL, NULL, NULL, NULL, '2019-08-31 07:41:24', '2019-08-31 07:41:24'),
(2, 'Nature & Adventure', NULL, 1, 'nature-adventure', NULL, NULL, NULL, NULL, '2019-08-31 07:41:24', '2019-08-31 07:41:24'),
(3, 'Marine', NULL, 1, 'marine', NULL, NULL, NULL, NULL, '2019-08-31 07:41:24', '2019-08-31 07:41:24'),
(4, 'Independent', NULL, 1, 'independent', NULL, NULL, NULL, NULL, '2019-08-31 07:41:24', '2019-08-31 07:41:24'),
(5, 'Activities', NULL, 1, 'activities', NULL, NULL, NULL, NULL, '2019-08-31 07:41:24', '2019-08-31 07:41:24'),
(6, 'Festival & Events', NULL, 1, 'festival-events', NULL, NULL, NULL, NULL, '2019-08-31 07:41:24', '2019-08-31 07:41:24'),
(7, 'Special Interest', NULL, 1, 'special-interest', NULL, NULL, NULL, NULL, '2019-08-31 07:41:24', '2019-08-31 07:41:24'),
(8, 'Wifi', NULL, 2, 'wifi', NULL, NULL, NULL, NULL, '2019-08-31 07:41:24', '2019-08-31 07:41:24'),
(9, 'Gymnasium', NULL, 2, 'gymnasium', NULL, NULL, NULL, NULL, '2019-08-31 07:41:24', '2019-08-31 07:41:24'),
(10, 'Mountain Bike', NULL, 2, 'mountain-bike', NULL, NULL, NULL, NULL, '2019-08-31 07:41:24', '2019-08-31 07:41:24'),
(11, 'Satellite Office', NULL, 2, 'satellite-office', NULL, NULL, NULL, NULL, '2019-08-31 07:41:24', '2019-08-31 07:41:24'),
(12, 'Staff Lounge', NULL, 2, 'staff-lounge', NULL, NULL, NULL, NULL, '2019-08-31 07:41:24', '2019-08-31 07:41:24'),
(13, 'Golf Cages', NULL, 2, 'golf-cages', NULL, NULL, NULL, NULL, '2019-08-31 07:41:24', '2019-08-31 07:41:24'),
(14, 'Aerobics Room', NULL, 2, 'aerobics-room', NULL, NULL, NULL, NULL, '2019-08-31 07:41:24', '2019-08-31 07:41:24');

-- --------------------------------------------------------

--
-- Table structure for table `bravo_tours`
--

CREATE TABLE `bravo_tours` (
  `id` bigint(20) UNSIGNED NOT NULL,
  `title` varchar(255) COLLATE utf8mb4_unicode_ci DEFAULT NULL,
  `slug` varchar(255) CHARACTER SET utf8 NOT NULL,
  `content` text COLLATE utf8mb4_unicode_ci,
  `image_id` int(11) DEFAULT NULL,
  `banner_image_id` int(11) DEFAULT NULL,
  `short_desc` text COLLATE utf8mb4_unicode_ci,
  `category_id` int(11) DEFAULT NULL,
  `location_id` int(11) DEFAULT NULL,
  `address` varchar(255) COLLATE utf8mb4_unicode_ci DEFAULT NULL,
  `map_lat` varchar(20) COLLATE utf8mb4_unicode_ci DEFAULT NULL,
  `map_lng` varchar(20) COLLATE utf8mb4_unicode_ci DEFAULT NULL,
  `map_zoom` int(11) DEFAULT NULL,
  `is_featured` tinyint(4) DEFAULT NULL,
  `gallery` varchar(255) COLLATE utf8mb4_unicode_ci DEFAULT NULL,
  `video` varchar(255) COLLATE utf8mb4_unicode_ci DEFAULT NULL,
  `price` decimal(12,2) DEFAULT NULL,
  `sale_price` decimal(12,2) DEFAULT NULL,
  `duration` int(11) DEFAULT NULL,
  `min_people` int(11) DEFAULT NULL,
  `max_people` int(11) DEFAULT NULL,
  `faqs` text COLLATE utf8mb4_unicode_ci,
  `status` varchar(50) COLLATE utf8mb4_unicode_ci DEFAULT NULL,
  `publish_date` datetime DEFAULT NULL,
  `create_user` bigint(20) DEFAULT NULL,
  `update_user` bigint(20) DEFAULT NULL,
  `deleted_at` timestamp NULL DEFAULT NULL,
  `origin_id` bigint(20) DEFAULT NULL,
  `lang` varchar(10) COLLATE utf8mb4_unicode_ci DEFAULT NULL,
  `created_at` timestamp NULL DEFAULT NULL,
  `updated_at` timestamp NULL DEFAULT NULL
) ENGINE=InnoDB DEFAULT CHARSET=utf8mb4 COLLATE=utf8mb4_unicode_ci;

--
-- Dumping data for table `bravo_tours`
--

INSERT INTO `bravo_tours` (`id`, `title`, `slug`, `content`, `image_id`, `banner_image_id`, `short_desc`, `category_id`, `location_id`, `address`, `map_lat`, `map_lng`, `map_zoom`, `is_featured`, `gallery`, `video`, `price`, `sale_price`, `duration`, `min_people`, `max_people`, `faqs`, `status`, `publish_date`, `create_user`, `update_user`, `deleted_at`, `origin_id`, `lang`, `created_at`, `updated_at`) VALUES
(1, 'American Parks Trail end Rapid City', 'american-parks-trail', '<p>Start and end in San Francisco! With the in-depth cultural tour Northern California Summer 2019, you have a 8 day tour package taking you through San Francisco, USA and 9 other destinations in USA. Northern California Summer 2019 includes accommodation as well as an expert guide, meals, transport and more.</p><h4>HIGHLIGHTS</h4><ul><li>Visit the Museum of Modern Art in Manhattan</li><li>See amazing works of contemporary art, including Vincent van Gogh\'s The Starry Night</li><li>Check out Campbell\'s Soup Cans by Warhol and The Dance (I) by Matisse</li><li>Behold masterpieces by Gauguin, Dali, Picasso, and Pollock</li><li>Enjoy free audio guides available in English, French, German, Italian, Spanish, Portuguese</li></ul>', 10, 33, 'From the iconic to the unexpected, the city of San Francisco never ceases to surprise. Kick-start your effortlessly delivered Northern California holiday in the cosmopolitan hills of \'The City\'. Join your Travel Director and fellow travellers for a Welcome Reception at your hotel.Welcome Reception', 2, 1, 'Arrondissement de Paris', '48.852754', '2.339155', 12, 0, '26,27,28,29,30,31,32', 'https://www.youtube.com/watch?v=UfEiKK-iX70', '2000.00', '546.00', 8, 1, 20, '[{\"title\":\"When and where does the tour end?\",\"content\":\"Your tour will conclude in San Francisco on Day 8 of the trip. There are no activities planned for this day so you\'re free to depart at any time. We highly recommend booking post-accommodation to give yourself time to fully experience the wonders of this iconic city!\"},{\"title\":\"When and where does the tour start?\",\"content\":\"Day 1 of this tour is an arrivals day, which gives you a chance to settle into your hotel and explore Los Angeles. The only planned activity for this day is an evening welcome meeting at 7pm, where you can get to know your guides and fellow travellers. Please be aware that the meeting point is subject to change until your final documents are released.\"},{\"title\":\"Do you arrange airport transfers?\",\"content\":\"Airport transfers are not included in the price of this tour, however you can book for an arrival transfer in advance. In this case a tour operator representative will be at the airport to greet you. To arrange this please contact our customer service team once you have a confirmed booking.\"},{\"title\":\"What is the age range\",\"content\":\"This tour has an age range of 12-70 years old, this means children under the age of 12 will not be eligible to participate in this tour. However, if you are over 70 years please contact us as you may be eligible to join the tour if you fill out G Adventures self-assessment form.\"}]', 'publish', NULL, 1, NULL, NULL, NULL, NULL, '2019-08-31 07:41:11', NULL),
(2, 'New York: Museum of Modern Art', 'new-york-museum-of-modern-art', '<p>Start and end in San Francisco! With the in-depth cultural tour Northern California Summer 2019, you have a 8 day tour package taking you through San Francisco, USA and 9 other destinations in USA. Northern California Summer 2019 includes accommodation as well as an expert guide, meals, transport and more.</p><h4>HIGHLIGHTS</h4><ul><li>Visit the Museum of Modern Art in Manhattan</li><li>See amazing works of contemporary art, including Vincent van Gogh\'s The Starry Night</li><li>Check out Campbell\'s Soup Cans by Warhol and The Dance (I) by Matisse</li><li>Behold masterpieces by Gauguin, Dali, Picasso, and Pollock</li><li>Enjoy free audio guides available in English, French, German, Italian, Spanish, Portuguese</li></ul>', 11, 34, 'From the iconic to the unexpected, the city of San Francisco never ceases to surprise. Kick-start your effortlessly delivered Northern California holiday in the cosmopolitan hills of \'The City\'. Join your Travel Director and fellow travellers for a Welcome Reception at your hotel.Welcome Reception', 1, 1, 'Porte de Vanves', '48.853917', '2.307199', 12, 1, '26,27,28,29,30,31,32', 'https://www.youtube.com/watch?v=UfEiKK-iX70', '900.00', '689.00', 7, 1, 12, '[{\"title\":\"When and where does the tour end?\",\"content\":\"Your tour will conclude in San Francisco on Day 8 of the trip. There are no activities planned for this day so you\'re free to depart at any time. We highly recommend booking post-accommodation to give yourself time to fully experience the wonders of this iconic city!\"},{\"title\":\"When and where does the tour start?\",\"content\":\"Day 1 of this tour is an arrivals day, which gives you a chance to settle into your hotel and explore Los Angeles. The only planned activity for this day is an evening welcome meeting at 7pm, where you can get to know your guides and fellow travellers. Please be aware that the meeting point is subject to change until your final documents are released.\"},{\"title\":\"Do you arrange airport transfers?\",\"content\":\"Airport transfers are not included in the price of this tour, however you can book for an arrival transfer in advance. In this case a tour operator representative will be at the airport to greet you. To arrange this please contact our customer service team once you have a confirmed booking.\"},{\"title\":\"What is the age range\",\"content\":\"This tour has an age range of 12-70 years old, this means children under the age of 12 will not be eligible to participate in this tour. However, if you are over 70 years please contact us as you may be eligible to join the tour if you fill out G Adventures self-assessment form.\"}]', 'publish', NULL, 1, NULL, NULL, NULL, NULL, '2019-08-31 07:41:11', NULL),
(3, 'Los Angeles to San Francisco Express', 'los-angeles-to-san-francisco-express', '<p>Start and end in San Francisco! With the in-depth cultural tour Northern California Summer 2019, you have a 8 day tour package taking you through San Francisco, USA and 9 other destinations in USA. Northern California Summer 2019 includes accommodation as well as an expert guide, meals, transport and more.</p><h4>HIGHLIGHTS</h4><ul><li>Visit the Museum of Modern Art in Manhattan</li><li>See amazing works of contemporary art, including Vincent van Gogh\'s The Starry Night</li><li>Check out Campbell\'s Soup Cans by Warhol and The Dance (I) by Matisse</li><li>Behold masterpieces by Gauguin, Dali, Picasso, and Pollock</li><li>Enjoy free audio guides available in English, French, German, Italian, Spanish, Portuguese</li></ul>', 12, 35, 'From the iconic to the unexpected, the city of San Francisco never ceases to surprise. Kick-start your effortlessly delivered Northern California holiday in the cosmopolitan hills of \'The City\'. Join your Travel Director and fellow travellers for a Welcome Reception at your hotel.Welcome Reception', 3, 1, 'Petit-Montrouge', '48.884900', '2.346377', 12, 1, '26,27,28,29,30,31,32', 'https://www.youtube.com/watch?v=UfEiKK-iX70', '1500.00', '327.00', 3, 1, 18, '[{\"title\":\"When and where does the tour end?\",\"content\":\"Your tour will conclude in San Francisco on Day 8 of the trip. There are no activities planned for this day so you\'re free to depart at any time. We highly recommend booking post-accommodation to give yourself time to fully experience the wonders of this iconic city!\"},{\"title\":\"When and where does the tour start?\",\"content\":\"Day 1 of this tour is an arrivals day, which gives you a chance to settle into your hotel and explore Los Angeles. The only planned activity for this day is an evening welcome meeting at 7pm, where you can get to know your guides and fellow travellers. Please be aware that the meeting point is subject to change until your final documents are released.\"},{\"title\":\"Do you arrange airport transfers?\",\"content\":\"Airport transfers are not included in the price of this tour, however you can book for an arrival transfer in advance. In this case a tour operator representative will be at the airport to greet you. To arrange this please contact our customer service team once you have a confirmed booking.\"},{\"title\":\"What is the age range\",\"content\":\"This tour has an age range of 12-70 years old, this means children under the age of 12 will not be eligible to participate in this tour. However, if you are over 70 years please contact us as you may be eligible to join the tour if you fill out G Adventures self-assessment form.\"}]', 'publish', NULL, 1, NULL, NULL, NULL, NULL, '2019-08-31 07:41:11', NULL),
(4, 'Paris Vacation Travel ', 'paris-vacation-travel', '<p>Start and end in San Francisco! With the in-depth cultural tour Northern California Summer 2019, you have a 8 day tour package taking you through San Francisco, USA and 9 other destinations in USA. Northern California Summer 2019 includes accommodation as well as an expert guide, meals, transport and more.</p><h4>HIGHLIGHTS</h4><ul><li>Visit the Museum of Modern Art in Manhattan</li><li>See amazing works of contemporary art, including Vincent van Gogh\'s The Starry Night</li><li>Check out Campbell\'s Soup Cans by Warhol and The Dance (I) by Matisse</li><li>Behold masterpieces by Gauguin, Dali, Picasso, and Pollock</li><li>Enjoy free audio guides available in English, French, German, Italian, Spanish, Portuguese</li></ul>', 13, 36, 'From the iconic to the unexpected, the city of San Francisco never ceases to surprise. Kick-start your effortlessly delivered Northern California holiday in the cosmopolitan hills of \'The City\'. Join your Travel Director and fellow travellers for a Welcome Reception at your hotel.Welcome Reception', 3, 2, 'New York', '40.707891', '-74.008825', 12, 1, '26,27,28,29,30,31,32', 'https://www.youtube.com/watch?v=UfEiKK-iX70', '850.00', '114.00', 9, 1, 11, '[{\"title\":\"When and where does the tour end?\",\"content\":\"Your tour will conclude in San Francisco on Day 8 of the trip. There are no activities planned for this day so you\'re free to depart at any time. We highly recommend booking post-accommodation to give yourself time to fully experience the wonders of this iconic city!\"},{\"title\":\"When and where does the tour start?\",\"content\":\"Day 1 of this tour is an arrivals day, which gives you a chance to settle into your hotel and explore Los Angeles. The only planned activity for this day is an evening welcome meeting at 7pm, where you can get to know your guides and fellow travellers. Please be aware that the meeting point is subject to change until your final documents are released.\"},{\"title\":\"Do you arrange airport transfers?\",\"content\":\"Airport transfers are not included in the price of this tour, however you can book for an arrival transfer in advance. In this case a tour operator representative will be at the airport to greet you. To arrange this please contact our customer service team once you have a confirmed booking.\"},{\"title\":\"What is the age range\",\"content\":\"This tour has an age range of 12-70 years old, this means children under the age of 12 will not be eligible to participate in this tour. However, if you are over 70 years please contact us as you may be eligible to join the tour if you fill out G Adventures self-assessment form.\"}]', 'publish', NULL, 1, NULL, NULL, NULL, NULL, '2019-08-31 07:41:11', NULL),
(5, 'Southwest States (Ex Los Angeles) ', 'southwest-states', '<p>Start and end in San Francisco! With the in-depth cultural tour Northern California Summer 2019, you have a 8 day tour package taking you through San Francisco, USA and 9 other destinations in USA. Northern California Summer 2019 includes accommodation as well as an expert guide, meals, transport and more.</p><h4>HIGHLIGHTS</h4><ul><li>Visit the Museum of Modern Art in Manhattan</li><li>See amazing works of contemporary art, including Vincent van Gogh\'s The Starry Night</li><li>Check out Campbell\'s Soup Cans by Warhol and The Dance (I) by Matisse</li><li>Behold masterpieces by Gauguin, Dali, Picasso, and Pollock</li><li>Enjoy free audio guides available in English, French, German, Italian, Spanish, Portuguese</li></ul>', 14, 37, 'From the iconic to the unexpected, the city of San Francisco never ceases to surprise. Kick-start your effortlessly delivered Northern California holiday in the cosmopolitan hills of \'The City\'. Join your Travel Director and fellow travellers for a Welcome Reception at your hotel.Welcome Reception', 2, 2, 'Regal Cinemas Battery Park 11', '40.714578', '-73.983888', 12, 0, '26,27,28,29,30,31,32', 'https://www.youtube.com/watch?v=UfEiKK-iX70', '1900.00', '287.00', 7, 1, 12, '[{\"title\":\"When and where does the tour end?\",\"content\":\"Your tour will conclude in San Francisco on Day 8 of the trip. There are no activities planned for this day so you\'re free to depart at any time. We highly recommend booking post-accommodation to give yourself time to fully experience the wonders of this iconic city!\"},{\"title\":\"When and where does the tour start?\",\"content\":\"Day 1 of this tour is an arrivals day, which gives you a chance to settle into your hotel and explore Los Angeles. The only planned activity for this day is an evening welcome meeting at 7pm, where you can get to know your guides and fellow travellers. Please be aware that the meeting point is subject to change until your final documents are released.\"},{\"title\":\"Do you arrange airport transfers?\",\"content\":\"Airport transfers are not included in the price of this tour, however you can book for an arrival transfer in advance. In this case a tour operator representative will be at the airport to greet you. To arrange this please contact our customer service team once you have a confirmed booking.\"},{\"title\":\"What is the age range\",\"content\":\"This tour has an age range of 12-70 years old, this means children under the age of 12 will not be eligible to participate in this tour. However, if you are over 70 years please contact us as you may be eligible to join the tour if you fill out G Adventures self-assessment form.\"}]', 'publish', NULL, 1, NULL, NULL, NULL, NULL, '2019-08-31 07:41:11', NULL),
(6, 'Eastern Discovery (Start New Orleans)', 'eastern-discovery', '<p>Start and end in San Francisco! With the in-depth cultural tour Northern California Summer 2019, you have a 8 day tour package taking you through San Francisco, USA and 9 other destinations in USA. Northern California Summer 2019 includes accommodation as well as an expert guide, meals, transport and more.</p><h4>HIGHLIGHTS</h4><ul><li>Visit the Museum of Modern Art in Manhattan</li><li>See amazing works of contemporary art, including Vincent van Gogh\'s The Starry Night</li><li>Check out Campbell\'s Soup Cans by Warhol and The Dance (I) by Matisse</li><li>Behold masterpieces by Gauguin, Dali, Picasso, and Pollock</li><li>Enjoy free audio guides available in English, French, German, Italian, Spanish, Portuguese</li></ul>', 15, 38, 'From the iconic to the unexpected, the city of San Francisco never ceases to surprise. Kick-start your effortlessly delivered Northern California holiday in the cosmopolitan hills of \'The City\'. Join your Travel Director and fellow travellers for a Welcome Reception at your hotel.Welcome Reception', 1, 2, 'Prince St Station', '40.720161', '-74.009628', 12, 1, '26,27,28,29,30,31,32', 'https://www.youtube.com/watch?v=UfEiKK-iX70', '2100.00', '455.00', 5, 1, 16, '[{\"title\":\"When and where does the tour end?\",\"content\":\"Your tour will conclude in San Francisco on Day 8 of the trip. There are no activities planned for this day so you\'re free to depart at any time. We highly recommend booking post-accommodation to give yourself time to fully experience the wonders of this iconic city!\"},{\"title\":\"When and where does the tour start?\",\"content\":\"Day 1 of this tour is an arrivals day, which gives you a chance to settle into your hotel and explore Los Angeles. The only planned activity for this day is an evening welcome meeting at 7pm, where you can get to know your guides and fellow travellers. Please be aware that the meeting point is subject to change until your final documents are released.\"},{\"title\":\"Do you arrange airport transfers?\",\"content\":\"Airport transfers are not included in the price of this tour, however you can book for an arrival transfer in advance. In this case a tour operator representative will be at the airport to greet you. To arrange this please contact our customer service team once you have a confirmed booking.\"},{\"title\":\"What is the age range\",\"content\":\"This tour has an age range of 12-70 years old, this means children under the age of 12 will not be eligible to participate in this tour. However, if you are over 70 years please contact us as you may be eligible to join the tour if you fill out G Adventures self-assessment form.\"}]', 'publish', NULL, 1, NULL, NULL, NULL, NULL, '2019-08-31 07:41:11', NULL),
(7, 'Eastern Discovery (Start New Orleans)', 'eastern-discovery', '<p>Start and end in San Francisco! With the in-depth cultural tour Northern California Summer 2019, you have a 8 day tour package taking you through San Francisco, USA and 9 other destinations in USA. Northern California Summer 2019 includes accommodation as well as an expert guide, meals, transport and more.</p><h4>HIGHLIGHTS</h4><ul><li>Visit the Museum of Modern Art in Manhattan</li><li>See amazing works of contemporary art, including Vincent van Gogh\'s The Starry Night</li><li>Check out Campbell\'s Soup Cans by Warhol and The Dance (I) by Matisse</li><li>Behold masterpieces by Gauguin, Dali, Picasso, and Pollock</li><li>Enjoy free audio guides available in English, French, German, Italian, Spanish, Portuguese</li></ul>', 16, 39, 'From the iconic to the unexpected, the city of San Francisco never ceases to surprise. Kick-start your effortlessly delivered Northern California holiday in the cosmopolitan hills of \'The City\'. Join your Travel Director and fellow travellers for a Welcome Reception at your hotel.Welcome Reception', 2, 2, 'Pier 36 New York', '40.708581', '-73.998817', 12, 0, '26,27,28,29,30,31,32', 'https://www.youtube.com/watch?v=UfEiKK-iX70', '2100.00', '614.00', 5, 1, 15, '[{\"title\":\"When and where does the tour end?\",\"content\":\"Your tour will conclude in San Francisco on Day 8 of the trip. There are no activities planned for this day so you\'re free to depart at any time. We highly recommend booking post-accommodation to give yourself time to fully experience the wonders of this iconic city!\"},{\"title\":\"When and where does the tour start?\",\"content\":\"Day 1 of this tour is an arrivals day, which gives you a chance to settle into your hotel and explore Los Angeles. The only planned activity for this day is an evening welcome meeting at 7pm, where you can get to know your guides and fellow travellers. Please be aware that the meeting point is subject to change until your final documents are released.\"},{\"title\":\"Do you arrange airport transfers?\",\"content\":\"Airport transfers are not included in the price of this tour, however you can book for an arrival transfer in advance. In this case a tour operator representative will be at the airport to greet you. To arrange this please contact our customer service team once you have a confirmed booking.\"},{\"title\":\"What is the age range\",\"content\":\"This tour has an age range of 12-70 years old, this means children under the age of 12 will not be eligible to participate in this tour. However, if you are over 70 years please contact us as you may be eligible to join the tour if you fill out G Adventures self-assessment form.\"}]', 'publish', NULL, 1, NULL, NULL, NULL, NULL, '2019-08-31 07:41:11', NULL),
(8, 'Pure Luxe in Punta Mita', 'pure-luxe-in-punta-mita', '<p>Start and end in San Francisco! With the in-depth cultural tour Northern California Summer 2019, you have a 8 day tour package taking you through San Francisco, USA and 9 other destinations in USA. Northern California Summer 2019 includes accommodation as well as an expert guide, meals, transport and more.</p><h4>HIGHLIGHTS</h4><ul><li>Visit the Museum of Modern Art in Manhattan</li><li>See amazing works of contemporary art, including Vincent van Gogh\'s The Starry Night</li><li>Check out Campbell\'s Soup Cans by Warhol and The Dance (I) by Matisse</li><li>Behold masterpieces by Gauguin, Dali, Picasso, and Pollock</li><li>Enjoy free audio guides available in English, French, German, Italian, Spanish, Portuguese</li></ul>', 17, 40, 'From the iconic to the unexpected, the city of San Francisco never ceases to surprise. Kick-start your effortlessly delivered Northern California holiday in the cosmopolitan hills of \'The City\'. Join your Travel Director and fellow travellers for a Welcome Reception at your hotel.Welcome Reception', 2, 3, 'Trimmer Springs Rd, Sanger', '36.822484', '-119.365266', 12, 0, '26,27,28,29,30,31,32', 'https://www.youtube.com/watch?v=UfEiKK-iX70', '2100.00', '809.00', 1, 1, 12, '[{\"title\":\"When and where does the tour end?\",\"content\":\"Your tour will conclude in San Francisco on Day 8 of the trip. There are no activities planned for this day so you\'re free to depart at any time. We highly recommend booking post-accommodation to give yourself time to fully experience the wonders of this iconic city!\"},{\"title\":\"When and where does the tour start?\",\"content\":\"Day 1 of this tour is an arrivals day, which gives you a chance to settle into your hotel and explore Los Angeles. The only planned activity for this day is an evening welcome meeting at 7pm, where you can get to know your guides and fellow travellers. Please be aware that the meeting point is subject to change until your final documents are released.\"},{\"title\":\"Do you arrange airport transfers?\",\"content\":\"Airport transfers are not included in the price of this tour, however you can book for an arrival transfer in advance. In this case a tour operator representative will be at the airport to greet you. To arrange this please contact our customer service team once you have a confirmed booking.\"},{\"title\":\"What is the age range\",\"content\":\"This tour has an age range of 12-70 years old, this means children under the age of 12 will not be eligible to participate in this tour. However, if you are over 70 years please contact us as you may be eligible to join the tour if you fill out G Adventures self-assessment form.\"}]', 'publish', NULL, 1, NULL, NULL, NULL, NULL, '2019-08-31 07:41:11', NULL),
(9, 'Tastes and Sounds of the South 2019', 'tastes-and-sounds-of-the-south-2019', '<p>Start and end in San Francisco! With the in-depth cultural tour Northern California Summer 2019, you have a 8 day tour package taking you through San Francisco, USA and 9 other destinations in USA. Northern California Summer 2019 includes accommodation as well as an expert guide, meals, transport and more.</p><h4>HIGHLIGHTS</h4><ul><li>Visit the Museum of Modern Art in Manhattan</li><li>See amazing works of contemporary art, including Vincent van Gogh\'s The Starry Night</li><li>Check out Campbell\'s Soup Cans by Warhol and The Dance (I) by Matisse</li><li>Behold masterpieces by Gauguin, Dali, Picasso, and Pollock</li><li>Enjoy free audio guides available in English, French, German, Italian, Spanish, Portuguese</li></ul>', 18, 41, 'From the iconic to the unexpected, the city of San Francisco never ceases to surprise. Kick-start your effortlessly delivered Northern California holiday in the cosmopolitan hills of \'The City\'. Join your Travel Director and fellow travellers for a Welcome Reception at your hotel.Welcome Reception', 4, 4, 'United States', '37.040023', '-95.643144', 12, 0, '26,27,28,29,30,31,32', 'https://www.youtube.com/watch?v=UfEiKK-iX70', '2100.00', '1580.00', 9, 1, 14, '[{\"title\":\"When and where does the tour end?\",\"content\":\"Your tour will conclude in San Francisco on Day 8 of the trip. There are no activities planned for this day so you\'re free to depart at any time. We highly recommend booking post-accommodation to give yourself time to fully experience the wonders of this iconic city!\"},{\"title\":\"When and where does the tour start?\",\"content\":\"Day 1 of this tour is an arrivals day, which gives you a chance to settle into your hotel and explore Los Angeles. The only planned activity for this day is an evening welcome meeting at 7pm, where you can get to know your guides and fellow travellers. Please be aware that the meeting point is subject to change until your final documents are released.\"},{\"title\":\"Do you arrange airport transfers?\",\"content\":\"Airport transfers are not included in the price of this tour, however you can book for an arrival transfer in advance. In this case a tour operator representative will be at the airport to greet you. To arrange this please contact our customer service team once you have a confirmed booking.\"},{\"title\":\"What is the age range\",\"content\":\"This tour has an age range of 12-70 years old, this means children under the age of 12 will not be eligible to participate in this tour. However, if you are over 70 years please contact us as you may be eligible to join the tour if you fill out G Adventures self-assessment form.\"}]', 'publish', NULL, 1, NULL, NULL, NULL, NULL, '2019-08-31 07:41:11', NULL),
(10, 'Giverny and Versailles Small Group Day Trip', 'giverny-and-versailles-small-group-day-trip', '<p>Start and end in San Francisco! With the in-depth cultural tour Northern California Summer 2019, you have a 8 day tour package taking you through San Francisco, USA and 9 other destinations in USA. Northern California Summer 2019 includes accommodation as well as an expert guide, meals, transport and more.</p><h4>HIGHLIGHTS</h4><ul><li>Visit the Museum of Modern Art in Manhattan</li><li>See amazing works of contemporary art, including Vincent van Gogh\'s The Starry Night</li><li>Check out Campbell\'s Soup Cans by Warhol and The Dance (I) by Matisse</li><li>Behold masterpieces by Gauguin, Dali, Picasso, and Pollock</li><li>Enjoy free audio guides available in English, French, German, Italian, Spanish, Portuguese</li></ul>', 19, 42, 'From the iconic to the unexpected, the city of San Francisco never ceases to surprise. Kick-start your effortlessly delivered Northern California holiday in the cosmopolitan hills of \'The City\'. Join your Travel Director and fellow travellers for a Welcome Reception at your hotel.Welcome Reception', 4, 5, 'Washington, DC, USA', '34.049345', '-118.248479', 12, 0, '26,27,28,29,30,31,32', 'https://www.youtube.com/watch?v=UfEiKK-iX70', '2100.00', '210.00', 7, 1, 18, '[{\"title\":\"When and where does the tour end?\",\"content\":\"Your tour will conclude in San Francisco on Day 8 of the trip. There are no activities planned for this day so you\'re free to depart at any time. We highly recommend booking post-accommodation to give yourself time to fully experience the wonders of this iconic city!\"},{\"title\":\"When and where does the tour start?\",\"content\":\"Day 1 of this tour is an arrivals day, which gives you a chance to settle into your hotel and explore Los Angeles. The only planned activity for this day is an evening welcome meeting at 7pm, where you can get to know your guides and fellow travellers. Please be aware that the meeting point is subject to change until your final documents are released.\"},{\"title\":\"Do you arrange airport transfers?\",\"content\":\"Airport transfers are not included in the price of this tour, however you can book for an arrival transfer in advance. In this case a tour operator representative will be at the airport to greet you. To arrange this please contact our customer service team once you have a confirmed booking.\"},{\"title\":\"What is the age range\",\"content\":\"This tour has an age range of 12-70 years old, this means children under the age of 12 will not be eligible to participate in this tour. However, if you are over 70 years please contact us as you may be eligible to join the tour if you fill out G Adventures self-assessment form.\"}]', 'publish', NULL, 1, NULL, NULL, NULL, NULL, '2019-08-31 07:41:11', NULL),
(11, 'Trip of New York  Discover America', 'trip-of-new-york-discover-america', '<p>Start and end in San Francisco! With the in-depth cultural tour Northern California Summer 2019, you have a 8 day tour package taking you through San Francisco, USA and 9 other destinations in USA. Northern California Summer 2019 includes accommodation as well as an expert guide, meals, transport and more.</p><h4>HIGHLIGHTS</h4><ul><li>Visit the Museum of Modern Art in Manhattan</li><li>See amazing works of contemporary art, including Vincent van Gogh\'s The Starry Night</li><li>Check out Campbell\'s Soup Cans by Warhol and The Dance (I) by Matisse</li><li>Behold masterpieces by Gauguin, Dali, Picasso, and Pollock</li><li>Enjoy free audio guides available in English, French, German, Italian, Spanish, Portuguese</li></ul>', 20, 43, 'From the iconic to the unexpected, the city of San Francisco never ceases to surprise. Kick-start your effortlessly delivered Northern California holiday in the cosmopolitan hills of \'The City\'. Join your Travel Director and fellow travellers for a Welcome Reception at your hotel.Welcome Reception', 1, 6, 'New Jersey', '40.035329', '-74.417227', 12, 0, '26,27,28,29,30,31,32', 'https://www.youtube.com/watch?v=UfEiKK-iX70', '2100.00', '255.00', 8, 1, 10, '[{\"title\":\"When and where does the tour end?\",\"content\":\"Your tour will conclude in San Francisco on Day 8 of the trip. There are no activities planned for this day so you\'re free to depart at any time. We highly recommend booking post-accommodation to give yourself time to fully experience the wonders of this iconic city!\"},{\"title\":\"When and where does the tour start?\",\"content\":\"Day 1 of this tour is an arrivals day, which gives you a chance to settle into your hotel and explore Los Angeles. The only planned activity for this day is an evening welcome meeting at 7pm, where you can get to know your guides and fellow travellers. Please be aware that the meeting point is subject to change until your final documents are released.\"},{\"title\":\"Do you arrange airport transfers?\",\"content\":\"Airport transfers are not included in the price of this tour, however you can book for an arrival transfer in advance. In this case a tour operator representative will be at the airport to greet you. To arrange this please contact our customer service team once you have a confirmed booking.\"},{\"title\":\"What is the age range\",\"content\":\"This tour has an age range of 12-70 years old, this means children under the age of 12 will not be eligible to participate in this tour. However, if you are over 70 years please contact us as you may be eligible to join the tour if you fill out G Adventures self-assessment form.\"}]', 'publish', NULL, 1, NULL, NULL, NULL, NULL, '2019-08-31 07:41:11', NULL),
(12, 'Segway Tour of Washington, D.C. Highlights', 'segway-tour-of-washington-dc-highlights', '<p>Start and end in San Francisco! With the in-depth cultural tour Northern California Summer 2019, you have a 8 day tour package taking you through San Francisco, USA and 9 other destinations in USA. Northern California Summer 2019 includes accommodation as well as an expert guide, meals, transport and more.</p><h4>HIGHLIGHTS</h4><ul><li>Visit the Museum of Modern Art in Manhattan</li><li>See amazing works of contemporary art, including Vincent van Gogh\'s The Starry Night</li><li>Check out Campbell\'s Soup Cans by Warhol and The Dance (I) by Matisse</li><li>Behold masterpieces by Gauguin, Dali, Picasso, and Pollock</li><li>Enjoy free audio guides available in English, French, German, Italian, Spanish, Portuguese</li></ul>', 21, 44, 'From the iconic to the unexpected, the city of San Francisco never ceases to surprise. Kick-start your effortlessly delivered Northern California holiday in the cosmopolitan hills of \'The City\'. Join your Travel Director and fellow travellers for a Welcome Reception at your hotel.Welcome Reception', 3, 7, 'Francisco Parnassus Campus', '37.782668', '-122.425058', 12, 0, '26,27,28,29,30,31,32', 'https://www.youtube.com/watch?v=UfEiKK-iX70', '2100.00', '819.00', 2, 1, 19, '[{\"title\":\"When and where does the tour end?\",\"content\":\"Your tour will conclude in San Francisco on Day 8 of the trip. There are no activities planned for this day so you\'re free to depart at any time. We highly recommend booking post-accommodation to give yourself time to fully experience the wonders of this iconic city!\"},{\"title\":\"When and where does the tour start?\",\"content\":\"Day 1 of this tour is an arrivals day, which gives you a chance to settle into your hotel and explore Los Angeles. The only planned activity for this day is an evening welcome meeting at 7pm, where you can get to know your guides and fellow travellers. Please be aware that the meeting point is subject to change until your final documents are released.\"},{\"title\":\"Do you arrange airport transfers?\",\"content\":\"Airport transfers are not included in the price of this tour, however you can book for an arrival transfer in advance. In this case a tour operator representative will be at the airport to greet you. To arrange this please contact our customer service team once you have a confirmed booking.\"},{\"title\":\"What is the age range\",\"content\":\"This tour has an age range of 12-70 years old, this means children under the age of 12 will not be eligible to participate in this tour. However, if you are over 70 years please contact us as you may be eligible to join the tour if you fill out G Adventures self-assessment form.\"}]', 'publish', NULL, 1, NULL, NULL, NULL, NULL, '2019-08-31 07:41:11', NULL),
(13, 'Hollywood Sign Small Group Tour in Luxury Van', 'hollywood-sign-small-group-tour-in-luxury-van', '<p>Start and end in San Francisco! With the in-depth cultural tour Northern California Summer 2019, you have a 8 day tour package taking you through San Francisco, USA and 9 other destinations in USA. Northern California Summer 2019 includes accommodation as well as an expert guide, meals, transport and more.</p><h4>HIGHLIGHTS</h4><ul><li>Visit the Museum of Modern Art in Manhattan</li><li>See amazing works of contemporary art, including Vincent van Gogh\'s The Starry Night</li><li>Check out Campbell\'s Soup Cans by Warhol and The Dance (I) by Matisse</li><li>Behold masterpieces by Gauguin, Dali, Picasso, and Pollock</li><li>Enjoy free audio guides available in English, French, German, Italian, Spanish, Portuguese</li></ul>', 22, 45, 'From the iconic to the unexpected, the city of San Francisco never ceases to surprise. Kick-start your effortlessly delivered Northern California holiday in the cosmopolitan hills of \'The City\'. Join your Travel Director and fellow travellers for a Welcome Reception at your hotel.Welcome Reception', 3, 8, 'Virginia', '37.445688', '-78.673668', 12, 0, '26,27,28,29,30,31,32', 'https://www.youtube.com/watch?v=UfEiKK-iX70', '2100.00', '701.00', 4, 1, 13, '[{\"title\":\"When and where does the tour end?\",\"content\":\"Your tour will conclude in San Francisco on Day 8 of the trip. There are no activities planned for this day so you\'re free to depart at any time. We highly recommend booking post-accommodation to give yourself time to fully experience the wonders of this iconic city!\"},{\"title\":\"When and where does the tour start?\",\"content\":\"Day 1 of this tour is an arrivals day, which gives you a chance to settle into your hotel and explore Los Angeles. The only planned activity for this day is an evening welcome meeting at 7pm, where you can get to know your guides and fellow travellers. Please be aware that the meeting point is subject to change until your final documents are released.\"},{\"title\":\"Do you arrange airport transfers?\",\"content\":\"Airport transfers are not included in the price of this tour, however you can book for an arrival transfer in advance. In this case a tour operator representative will be at the airport to greet you. To arrange this please contact our customer service team once you have a confirmed booking.\"},{\"title\":\"What is the age range\",\"content\":\"This tour has an age range of 12-70 years old, this means children under the age of 12 will not be eligible to participate in this tour. However, if you are over 70 years please contact us as you may be eligible to join the tour if you fill out G Adventures self-assessment form.\"}]', 'publish', NULL, 1, NULL, NULL, NULL, NULL, '2019-08-31 07:41:12', NULL),
(14, 'Los Angeles to San Francisco Express', 'los-angeles-to-san-francisco-express', '<p>Start and end in San Francisco! With the in-depth cultural tour Northern California Summer 2019, you have a 8 day tour package taking you through San Francisco, USA and 9 other destinations in USA. Northern California Summer 2019 includes accommodation as well as an expert guide, meals, transport and more.</p><h4>HIGHLIGHTS</h4><ul><li>Visit the Museum of Modern Art in Manhattan</li><li>See amazing works of contemporary art, including Vincent van Gogh\'s The Starry Night</li><li>Check out Campbell\'s Soup Cans by Warhol and The Dance (I) by Matisse</li><li>Behold masterpieces by Gauguin, Dali, Picasso, and Pollock</li><li>Enjoy free audio guides available in English, French, German, Italian, Spanish, Portuguese</li></ul>', 23, 46, 'From the iconic to the unexpected, the city of San Francisco never ceases to surprise. Kick-start your effortlessly delivered Northern California holiday in the cosmopolitan hills of \'The City\'. Join your Travel Director and fellow travellers for a Welcome Reception at your hotel.Welcome Reception', 3, 7, 'Comprehensive Cancer Center', '37.757522', '-122.447984', 12, 0, '26,27,28,29,30,31,32', 'https://www.youtube.com/watch?v=UfEiKK-iX70', '2100.00', '1205.00', 1, 1, 12, '[{\"title\":\"When and where does the tour end?\",\"content\":\"Your tour will conclude in San Francisco on Day 8 of the trip. There are no activities planned for this day so you\'re free to depart at any time. We highly recommend booking post-accommodation to give yourself time to fully experience the wonders of this iconic city!\"},{\"title\":\"When and where does the tour start?\",\"content\":\"Day 1 of this tour is an arrivals day, which gives you a chance to settle into your hotel and explore Los Angeles. The only planned activity for this day is an evening welcome meeting at 7pm, where you can get to know your guides and fellow travellers. Please be aware that the meeting point is subject to change until your final documents are released.\"},{\"title\":\"Do you arrange airport transfers?\",\"content\":\"Airport transfers are not included in the price of this tour, however you can book for an arrival transfer in advance. In this case a tour operator representative will be at the airport to greet you. To arrange this please contact our customer service team once you have a confirmed booking.\"},{\"title\":\"What is the age range\",\"content\":\"This tour has an age range of 12-70 years old, this means children under the age of 12 will not be eligible to participate in this tour. However, if you are over 70 years please contact us as you may be eligible to join the tour if you fill out G Adventures self-assessment form.\"}]', 'publish', NULL, 1, NULL, NULL, NULL, NULL, '2019-08-31 07:41:12', NULL),
(15, 'Cannes and Antibes Night Tour', 'cannes-and-antibes-night-tour', '<p>Start and end in San Francisco! With the in-depth cultural tour Northern California Summer 2019, you have a 8 day tour package taking you through San Francisco, USA and 9 other destinations in USA. Northern California Summer 2019 includes accommodation as well as an expert guide, meals, transport and more.</p><h4>HIGHLIGHTS</h4><ul><li>Visit the Museum of Modern Art in Manhattan</li><li>See amazing works of contemporary art, including Vincent van Gogh\'s The Starry Night</li><li>Check out Campbell\'s Soup Cans by Warhol and The Dance (I) by Matisse</li><li>Behold masterpieces by Gauguin, Dali, Picasso, and Pollock</li><li>Enjoy free audio guides available in English, French, German, Italian, Spanish, Portuguese</li></ul>', 24, 47, 'From the iconic to the unexpected, the city of San Francisco never ceases to surprise. Kick-start your effortlessly delivered Northern California holiday in the cosmopolitan hills of \'The City\'. Join your Travel Director and fellow travellers for a Welcome Reception at your hotel.Welcome Reception', 2, 1, 'UCSF Helen Diller Family', '48.829194', '2.352004', 12, 0, '26,27,28,29,30,31,32', 'https://www.youtube.com/watch?v=UfEiKK-iX70', '2100.00', '758.00', 3, 1, 11, '[{\"title\":\"When and where does the tour end?\",\"content\":\"Your tour will conclude in San Francisco on Day 8 of the trip. There are no activities planned for this day so you\'re free to depart at any time. We highly recommend booking post-accommodation to give yourself time to fully experience the wonders of this iconic city!\"},{\"title\":\"When and where does the tour start?\",\"content\":\"Day 1 of this tour is an arrivals day, which gives you a chance to settle into your hotel and explore Los Angeles. The only planned activity for this day is an evening welcome meeting at 7pm, where you can get to know your guides and fellow travellers. Please be aware that the meeting point is subject to change until your final documents are released.\"},{\"title\":\"Do you arrange airport transfers?\",\"content\":\"Airport transfers are not included in the price of this tour, however you can book for an arrival transfer in advance. In this case a tour operator representative will be at the airport to greet you. To arrange this please contact our customer service team once you have a confirmed booking.\"},{\"title\":\"What is the age range\",\"content\":\"This tour has an age range of 12-70 years old, this means children under the age of 12 will not be eligible to participate in this tour. However, if you are over 70 years please contact us as you may be eligible to join the tour if you fill out G Adventures self-assessment form.\"}]', 'publish', NULL, 1, NULL, NULL, NULL, NULL, '2019-08-31 07:41:12', NULL),
(16, 'River Cruise Tour on the Seine', 'river-cruise-tour-on-the-seine', '<p>Start and end in San Francisco! With the in-depth cultural tour Northern California Summer 2019, you have a 8 day tour package taking you through San Francisco, USA and 9 other destinations in USA. Northern California Summer 2019 includes accommodation as well as an expert guide, meals, transport and more.</p><h4>HIGHLIGHTS</h4><ul><li>Visit the Museum of Modern Art in Manhattan</li><li>See amazing works of contemporary art, including Vincent van Gogh\'s The Starry Night</li><li>Check out Campbell\'s Soup Cans by Warhol and The Dance (I) by Matisse</li><li>Behold masterpieces by Gauguin, Dali, Picasso, and Pollock</li><li>Enjoy free audio guides available in English, French, German, Italian, Spanish, Portuguese</li></ul>', 25, 48, 'From the iconic to the unexpected, the city of San Francisco never ceases to surprise. Kick-start your effortlessly delivered Northern California holiday in the cosmopolitan hills of \'The City\'. Join your Travel Director and fellow travellers for a Welcome Reception at your hotel.Welcome Reception', 4, 1, 'Nevada, US', '48.851338', '2.300528', 12, 0, '26,27,28,29,30,31,32', 'https://www.youtube.com/watch?v=UfEiKK-iX70', '2100.00', '1414.00', 5, 1, 16, '[{\"title\":\"When and where does the tour end?\",\"content\":\"Your tour will conclude in San Francisco on Day 8 of the trip. There are no activities planned for this day so you\'re free to depart at any time. We highly recommend booking post-accommodation to give yourself time to fully experience the wonders of this iconic city!\"},{\"title\":\"When and where does the tour start?\",\"content\":\"Day 1 of this tour is an arrivals day, which gives you a chance to settle into your hotel and explore Los Angeles. The only planned activity for this day is an evening welcome meeting at 7pm, where you can get to know your guides and fellow travellers. Please be aware that the meeting point is subject to change until your final documents are released.\"},{\"title\":\"Do you arrange airport transfers?\",\"content\":\"Airport transfers are not included in the price of this tour, however you can book for an arrival transfer in advance. In this case a tour operator representative will be at the airport to greet you. To arrange this please contact our customer service team once you have a confirmed booking.\"},{\"title\":\"What is the age range\",\"content\":\"This tour has an age range of 12-70 years old, this means children under the age of 12 will not be eligible to participate in this tour. However, if you are over 70 years please contact us as you may be eligible to join the tour if you fill out G Adventures self-assessment form.\"}]', 'publish', NULL, 1, NULL, NULL, NULL, NULL, '2019-08-31 07:41:12', NULL);

-- --------------------------------------------------------

--
-- Table structure for table `bravo_tour_category`
--

CREATE TABLE `bravo_tour_category` (
  `id` bigint(20) UNSIGNED NOT NULL,
  `name` varchar(255) COLLATE utf8mb4_unicode_ci DEFAULT NULL,
  `content` text COLLATE utf8mb4_unicode_ci,
  `slug` varchar(255) COLLATE utf8mb4_unicode_ci DEFAULT NULL,
  `status` varchar(50) COLLATE utf8mb4_unicode_ci DEFAULT NULL,
  `_lft` int(10) UNSIGNED NOT NULL DEFAULT '0',
  `_rgt` int(10) UNSIGNED NOT NULL DEFAULT '0',
  `parent_id` int(10) UNSIGNED DEFAULT NULL,
  `create_user` int(11) DEFAULT NULL,
  `update_user` int(11) DEFAULT NULL,
  `deleted_at` timestamp NULL DEFAULT NULL,
  `origin_id` bigint(20) DEFAULT NULL,
  `lang` varchar(10) COLLATE utf8mb4_unicode_ci DEFAULT NULL,
  `created_at` timestamp NULL DEFAULT NULL,
  `updated_at` timestamp NULL DEFAULT NULL
) ENGINE=InnoDB DEFAULT CHARSET=utf8mb4 COLLATE=utf8mb4_unicode_ci;

--
-- Dumping data for table `bravo_tour_category`
--

INSERT INTO `bravo_tour_category` (`id`, `name`, `content`, `slug`, `status`, `_lft`, `_rgt`, `parent_id`, `create_user`, `update_user`, `deleted_at`, `origin_id`, `lang`, `created_at`, `updated_at`) VALUES
(1, 'City trips', '', 'city-trips', 'publish', 1, 2, NULL, NULL, NULL, NULL, NULL, NULL, '2019-08-31 07:41:10', '2019-08-31 07:41:10'),
(2, 'Ecotourism', '', 'ecotourism', 'publish', 3, 4, NULL, NULL, NULL, NULL, NULL, NULL, '2019-08-31 07:41:10', '2019-08-31 07:41:10'),
(3, 'Escorted tour', '', 'escorted-tour', 'publish', 5, 6, NULL, NULL, NULL, NULL, NULL, NULL, '2019-08-31 07:41:10', '2019-08-31 07:41:10'),
(4, 'Ligula', '', 'ligula', 'publish', 7, 8, NULL, NULL, NULL, NULL, NULL, NULL, '2019-08-31 07:41:11', '2019-08-31 07:41:11');

-- --------------------------------------------------------

--
-- Table structure for table `bravo_tour_meta`
--

CREATE TABLE `bravo_tour_meta` (
  `id` bigint(20) UNSIGNED NOT NULL,
  `tour_id` int(11) DEFAULT NULL,
  `enable_person_types` tinyint(4) DEFAULT NULL,
  `person_types` text COLLATE utf8mb4_unicode_ci,
  `enable_extra_price` tinyint(4) DEFAULT NULL,
  `extra_price` text COLLATE utf8mb4_unicode_ci,
  `discount_by_people` text COLLATE utf8mb4_unicode_ci,
  `enable_open_hours` tinyint(4) DEFAULT NULL,
  `open_hours` text COLLATE utf8mb4_unicode_ci,
  `create_user` int(11) DEFAULT NULL,
  `update_user` int(11) DEFAULT NULL,
  `created_at` timestamp NULL DEFAULT NULL,
  `updated_at` timestamp NULL DEFAULT NULL
) ENGINE=InnoDB DEFAULT CHARSET=utf8mb4 COLLATE=utf8mb4_unicode_ci;

--
-- Dumping data for table `bravo_tour_meta`
--

INSERT INTO `bravo_tour_meta` (`id`, `tour_id`, `enable_person_types`, `person_types`, `enable_extra_price`, `extra_price`, `discount_by_people`, `enable_open_hours`, `open_hours`, `create_user`, `update_user`, `created_at`, `updated_at`) VALUES
(1, 1, 1, '[{\"name\":\"Adult\",\"desc\":\"Age 18+\",\"min\":\"1\",\"max\":\"10\",\"price\":\"1000\"},{\"name\":\"Child\",\"desc\":\"Age 6-17\",\"min\":\"0\",\"max\":\"10\",\"price\":\"300\"}]', 1, '[{\"name\":\"Clean\",\"price\":\"100\",\"type\":\"one_time\"}]', NULL, NULL, NULL, NULL, NULL, NULL, NULL),
(2, 2, 1, '[{\"name\":\"Adult\",\"desc\":\"Age 18+\",\"min\":\"1\",\"max\":\"10\",\"price\":\"1000\"},{\"name\":\"Child\",\"desc\":\"Age 6-17\",\"min\":\"0\",\"max\":\"10\",\"price\":\"300\"}]', 1, '[{\"name\":\"Clean\",\"price\":\"100\",\"type\":\"one_time\"}]', NULL, NULL, NULL, NULL, NULL, NULL, NULL),
(3, 3, 1, '[{\"name\":\"Adult\",\"desc\":\"Age 18+\",\"min\":\"1\",\"max\":\"10\",\"price\":\"1000\"},{\"name\":\"Child\",\"desc\":\"Age 6-17\",\"min\":\"0\",\"max\":\"10\",\"price\":\"300\"}]', 1, '[{\"name\":\"Clean\",\"price\":\"100\",\"type\":\"one_time\"}]', NULL, NULL, NULL, NULL, NULL, NULL, NULL),
(4, 4, 1, '[{\"name\":\"Adult\",\"desc\":\"Age 18+\",\"min\":\"1\",\"max\":\"10\",\"price\":\"1000\"},{\"name\":\"Child\",\"desc\":\"Age 6-17\",\"min\":\"0\",\"max\":\"10\",\"price\":\"300\"}]', 1, '[{\"name\":\"Clean\",\"price\":\"100\",\"type\":\"one_time\"}]', NULL, NULL, NULL, NULL, NULL, NULL, NULL),
(5, 5, 1, '[{\"name\":\"Adult\",\"desc\":\"Age 18+\",\"min\":\"1\",\"max\":\"10\",\"price\":\"1000\"},{\"name\":\"Child\",\"desc\":\"Age 6-17\",\"min\":\"0\",\"max\":\"10\",\"price\":\"300\"}]', 1, '[{\"name\":\"Clean\",\"price\":\"100\",\"type\":\"one_time\"}]', NULL, NULL, NULL, NULL, NULL, NULL, NULL),
(6, 6, 1, '[{\"name\":\"Adult\",\"desc\":\"Age 18+\",\"min\":\"1\",\"max\":\"10\",\"price\":\"1000\"},{\"name\":\"Child\",\"desc\":\"Age 6-17\",\"min\":\"0\",\"max\":\"10\",\"price\":\"300\"}]', 1, '[{\"name\":\"Clean\",\"price\":\"100\",\"type\":\"one_time\"}]', NULL, NULL, NULL, NULL, NULL, NULL, NULL),
(7, 7, 1, '[{\"name\":\"Adult\",\"desc\":\"Age 18+\",\"min\":\"1\",\"max\":\"10\",\"price\":\"1000\"},{\"name\":\"Child\",\"desc\":\"Age 6-17\",\"min\":\"0\",\"max\":\"10\",\"price\":\"300\"}]', 1, '[{\"name\":\"Clean\",\"price\":\"100\",\"type\":\"one_time\"}]', NULL, NULL, NULL, NULL, NULL, NULL, NULL),
(8, 8, 1, '[{\"name\":\"Adult\",\"desc\":\"Age 18+\",\"min\":\"1\",\"max\":\"10\",\"price\":\"1000\"},{\"name\":\"Child\",\"desc\":\"Age 6-17\",\"min\":\"0\",\"max\":\"10\",\"price\":\"300\"}]', 1, '[{\"name\":\"Clean\",\"price\":\"100\",\"type\":\"one_time\"}]', NULL, NULL, NULL, NULL, NULL, NULL, NULL),
(9, 9, 1, '[{\"name\":\"Adult\",\"desc\":\"Age 18+\",\"min\":\"1\",\"max\":\"10\",\"price\":\"1000\"},{\"name\":\"Child\",\"desc\":\"Age 6-17\",\"min\":\"0\",\"max\":\"10\",\"price\":\"300\"}]', 1, '[{\"name\":\"Clean\",\"price\":\"100\",\"type\":\"one_time\"}]', NULL, NULL, NULL, NULL, NULL, NULL, NULL),
(10, 10, 1, '[{\"name\":\"Adult\",\"desc\":\"Age 18+\",\"min\":\"1\",\"max\":\"10\",\"price\":\"1000\"},{\"name\":\"Child\",\"desc\":\"Age 6-17\",\"min\":\"0\",\"max\":\"10\",\"price\":\"300\"}]', 1, '[{\"name\":\"Clean\",\"price\":\"100\",\"type\":\"one_time\"}]', NULL, NULL, NULL, NULL, NULL, NULL, NULL),
(11, 11, 1, '[{\"name\":\"Adult\",\"desc\":\"Age 18+\",\"min\":\"1\",\"max\":\"10\",\"price\":\"1000\"},{\"name\":\"Child\",\"desc\":\"Age 6-17\",\"min\":\"0\",\"max\":\"10\",\"price\":\"300\"}]', 1, '[{\"name\":\"Clean\",\"price\":\"100\",\"type\":\"one_time\"}]', NULL, NULL, NULL, NULL, NULL, NULL, NULL),
(12, 12, 1, '[{\"name\":\"Adult\",\"desc\":\"Age 18+\",\"min\":\"1\",\"max\":\"10\",\"price\":\"1000\"},{\"name\":\"Child\",\"desc\":\"Age 6-17\",\"min\":\"0\",\"max\":\"10\",\"price\":\"300\"}]', 1, '[{\"name\":\"Clean\",\"price\":\"100\",\"type\":\"one_time\"}]', NULL, NULL, NULL, NULL, NULL, NULL, NULL),
(13, 13, 1, '[{\"name\":\"Adult\",\"desc\":\"Age 18+\",\"min\":\"1\",\"max\":\"10\",\"price\":\"1000\"},{\"name\":\"Child\",\"desc\":\"Age 6-17\",\"min\":\"0\",\"max\":\"10\",\"price\":\"300\"}]', 1, '[{\"name\":\"Clean\",\"price\":\"100\",\"type\":\"one_time\"}]', NULL, NULL, NULL, NULL, NULL, NULL, NULL),
(14, 14, 1, '[{\"name\":\"Adult\",\"desc\":\"Age 18+\",\"min\":\"1\",\"max\":\"10\",\"price\":\"1000\"},{\"name\":\"Child\",\"desc\":\"Age 6-17\",\"min\":\"0\",\"max\":\"10\",\"price\":\"300\"}]', 1, '[{\"name\":\"Clean\",\"price\":\"100\",\"type\":\"one_time\"}]', NULL, NULL, NULL, NULL, NULL, NULL, NULL),
(15, 15, 1, '[{\"name\":\"Adult\",\"desc\":\"Age 18+\",\"min\":\"1\",\"max\":\"10\",\"price\":\"1000\"},{\"name\":\"Child\",\"desc\":\"Age 6-17\",\"min\":\"0\",\"max\":\"10\",\"price\":\"300\"}]', 1, '[{\"name\":\"Clean\",\"price\":\"100\",\"type\":\"one_time\"}]', NULL, NULL, NULL, NULL, NULL, NULL, NULL),
(16, 16, 1, '[{\"name\":\"Adult\",\"desc\":\"Age 18+\",\"min\":\"1\",\"max\":\"10\",\"price\":\"1000\"},{\"name\":\"Child\",\"desc\":\"Age 6-17\",\"min\":\"0\",\"max\":\"10\",\"price\":\"300\"}]', 1, '[{\"name\":\"Clean\",\"price\":\"100\",\"type\":\"one_time\"}]', NULL, NULL, NULL, NULL, NULL, NULL, NULL);

-- --------------------------------------------------------

--
-- Table structure for table `bravo_tour_term`
--

CREATE TABLE `bravo_tour_term` (
  `id` bigint(20) UNSIGNED NOT NULL,
  `term_id` int(11) DEFAULT NULL,
  `tour_id` int(11) DEFAULT NULL,
  `create_user` bigint(20) DEFAULT NULL,
  `update_user` bigint(20) DEFAULT NULL,
  `created_at` timestamp NULL DEFAULT NULL,
  `updated_at` timestamp NULL DEFAULT NULL
) ENGINE=InnoDB DEFAULT CHARSET=utf8mb4 COLLATE=utf8mb4_unicode_ci;

-- --------------------------------------------------------

--
-- Table structure for table `core_languages`
--

CREATE TABLE `core_languages` (
  `id` bigint(20) UNSIGNED NOT NULL,
  `locale` varchar(10) COLLATE utf8mb4_unicode_ci DEFAULT NULL,
  `name` varchar(255) COLLATE utf8mb4_unicode_ci DEFAULT NULL,
  `flag` varchar(255) COLLATE utf8mb4_unicode_ci DEFAULT NULL,
  `status` varchar(20) COLLATE utf8mb4_unicode_ci DEFAULT NULL,
  `create_user` int(11) DEFAULT NULL,
  `update_user` int(11) DEFAULT NULL,
  `last_build_at` timestamp NULL DEFAULT NULL,
  `deleted_at` timestamp NULL DEFAULT NULL,
  `created_at` timestamp NULL DEFAULT NULL,
  `updated_at` timestamp NULL DEFAULT NULL
) ENGINE=InnoDB DEFAULT CHARSET=utf8mb4 COLLATE=utf8mb4_unicode_ci;

-- --------------------------------------------------------

--
-- Table structure for table `core_menus`
--

CREATE TABLE `core_menus` (
  `id` bigint(20) UNSIGNED NOT NULL,
  `name` varchar(255) COLLATE utf8mb4_unicode_ci DEFAULT NULL,
  `items` longtext COLLATE utf8mb4_unicode_ci,
  `create_user` int(11) DEFAULT NULL,
  `update_user` int(11) DEFAULT NULL,
  `origin_id` bigint(20) DEFAULT NULL,
  `lang` varchar(10) COLLATE utf8mb4_unicode_ci DEFAULT NULL,
  `created_at` timestamp NULL DEFAULT NULL,
  `updated_at` timestamp NULL DEFAULT NULL
) ENGINE=InnoDB DEFAULT CHARSET=utf8mb4 COLLATE=utf8mb4_unicode_ci;

--
-- Dumping data for table `core_menus`
--

INSERT INTO `core_menus` (`id`, `name`, `items`, `create_user`, `update_user`, `origin_id`, `lang`, `created_at`, `updated_at`) VALUES
(1, 'Main Menu', '[{\"name\":\"Home\",\"url\":\"/\",\"item_model\":\"custom\",\"model_name\":\"Custom\",\"is_removed\":true,\"open\":true,\"active\":false,\"class\":\"\",\"innerClass\":\"\",\"_id\":\"tree_2_node_nN1e4\",\"_treeNodePropertiesCompleted\":true,\"children\":[]},{\"name\":\"Tours\",\"url\":\"/tour\",\"item_model\":\"custom\",\"model_name\":\"Custom\",\"is_removed\":true,\"open\":true,\"active\":false,\"class\":\"\",\"innerClass\":\"\",\"_id\":\"tree_2_node_vPxkO\",\"_treeNodePropertiesCompleted\":true,\"children\":[{\"name\":\"Tour List\",\"url\":\"/tour\",\"item_model\":\"custom\",\"model_name\":\"Custom\",\"is_removed\":true,\"open\":true,\"active\":false,\"class\":\"\",\"innerClass\":\"\",\"_id\":\"tree_2_node_8TOm3\",\"_treeNodePropertiesCompleted\":true,\"children\":[]},{\"name\":\"Tour Map\",\"url\":\"/tour?_layout=map\",\"item_model\":\"custom\",\"model_name\":\"Custom\",\"is_removed\":true,\"open\":true,\"active\":false,\"class\":\"\",\"innerClass\":\"\",\"_id\":\"tree_2_node_9nYm5\",\"_treeNodePropertiesCompleted\":true,\"children\":[]},{\"name\":\"Tour Detail\",\"url\":\"/tour/paris-vacation-travel\",\"item_model\":\"custom\",\"model_name\":\"Custom\",\"is_removed\":true,\"open\":true,\"active\":false,\"class\":\"\",\"innerClass\":\"\",\"_id\":\"tree_2_node_PxIl9\",\"_treeNodePropertiesCompleted\":true,\"children\":[]}]},{\"name\":\"News\",\"url\":\"/news\",\"item_model\":\"custom\",\"model_name\":\"Custom\",\"is_removed\":true,\"open\":true,\"active\":false,\"class\":\"\",\"innerClass\":\"\",\"_id\":\"tree_2_node_1Crza\",\"_treeNodePropertiesCompleted\":true,\"children\":[{\"name\":\"News List\",\"url\":\"/news\",\"item_model\":\"custom\",\"model_name\":\"Custom\",\"is_removed\":true,\"open\":true,\"active\":false,\"class\":\"\",\"innerClass\":\"\",\"_id\":\"tree_2_node_wt60u\",\"_treeNodePropertiesCompleted\":true,\"children\":[]},{\"name\":\"News Detail\",\"url\":\"/news/morning-in-the-northern-sea\",\"item_model\":\"custom\",\"model_name\":\"Custom\",\"is_removed\":true,\"open\":true,\"active\":false,\"class\":\"\",\"innerClass\":\"\",\"_id\":\"tree_2_node_QaL0O\",\"_treeNodePropertiesCompleted\":true,\"children\":[]}]},{\"name\":\"Contact\",\"url\":\"/contact\",\"item_model\":\"custom\",\"_open\":false,\"open\":true,\"active\":false,\"class\":\"\",\"innerClass\":\"\",\"_id\":\"tree_2_node_enBXq\",\"_treeNodePropertiesCompleted\":true,\"children\":[]}]', 1, NULL, NULL, NULL, '2019-08-31 07:41:09', NULL);

-- --------------------------------------------------------

--
-- Table structure for table `core_model_has_permissions`
--

CREATE TABLE `core_model_has_permissions` (
  `permission_id` int(10) UNSIGNED NOT NULL,
  `model_type` varchar(191) COLLATE utf8mb4_unicode_ci NOT NULL,
  `model_id` bigint(20) UNSIGNED NOT NULL
) ENGINE=InnoDB DEFAULT CHARSET=utf8mb4 COLLATE=utf8mb4_unicode_ci;

-- --------------------------------------------------------

--
-- Table structure for table `core_model_has_roles`
--

CREATE TABLE `core_model_has_roles` (
  `role_id` int(10) UNSIGNED NOT NULL,
  `model_type` varchar(191) COLLATE utf8mb4_unicode_ci NOT NULL,
  `model_id` bigint(20) UNSIGNED NOT NULL
) ENGINE=InnoDB DEFAULT CHARSET=utf8mb4 COLLATE=utf8mb4_unicode_ci;

--
-- Dumping data for table `core_model_has_roles`
--

INSERT INTO `core_model_has_roles` (`role_id`, `model_type`, `model_id`) VALUES
(1, 'App\\User', 2),
(2, 'App\\User', 3),
(2, 'App\\User', 5),
(3, 'App\\User', 1),
(3, 'App\\User', 4);

-- --------------------------------------------------------

--
-- Table structure for table `core_news`
--

CREATE TABLE `core_news` (
  `id` bigint(20) UNSIGNED NOT NULL,
  `title` varchar(255) COLLATE utf8mb4_unicode_ci DEFAULT NULL,
  `content` text COLLATE utf8mb4_unicode_ci,
  `slug` varchar(255) COLLATE utf8mb4_unicode_ci DEFAULT NULL,
  `status` varchar(50) COLLATE utf8mb4_unicode_ci DEFAULT NULL,
  `cat_id` int(11) DEFAULT NULL,
  `image_id` int(11) DEFAULT NULL,
  `create_user` int(11) DEFAULT NULL,
  `update_user` int(11) DEFAULT NULL,
  `deleted_at` timestamp NULL DEFAULT NULL,
  `origin_id` bigint(20) DEFAULT NULL,
  `lang` varchar(10) COLLATE utf8mb4_unicode_ci DEFAULT NULL,
  `created_at` timestamp NULL DEFAULT NULL,
  `updated_at` timestamp NULL DEFAULT NULL
) ENGINE=InnoDB DEFAULT CHARSET=utf8mb4 COLLATE=utf8mb4_unicode_ci;

--
-- Dumping data for table `core_news`
--

INSERT INTO `core_news` (`id`, `title`, `content`, `slug`, `status`, `cat_id`, `image_id`, `create_user`, `update_user`, `deleted_at`, `origin_id`, `lang`, `created_at`, `updated_at`) VALUES
(1, 'The day on Paris', ' From the iconic to the unexpected, the city of San Francisco never ceases to surprise. Kick-start your effortlessly delivered Northern California holiday in the cosmopolitan hills of  The City . Join your Travel Director and fellow travellers for a Welcome Reception at your hotel.Welcome Reception  From the iconic to the unexpected, the city of San Francisco never ceases to surprise. Kick-start your effortlessly delivered Northern California holiday in the cosmopolitan hills of  The City . Join your Travel Director and fellow travellers for a Welcome Reception at your hotel.Welcome Reception <br/>From the iconic to the unexpected, the city of San Francisco never ceases to surprise. Kick-start your effortlessly delivered Northern California holiday in the cosmopolitan hills of  The City . Join your Travel Director and fellow travellers for a Welcome Reception at your hotel.Welcome Reception<br/>\r\n    From the iconic to the unexpected, the city of San Francisco never ceases to surprise. Kick-start your effortlessly delivered Northern California holiday in the cosmopolitan hills of  The City . Join your Travel Director and fellow travellers for a Welcome Reception at your hotel.Welcome Reception', 'the-day-on-paris', 'publish', 4, 55, 1, NULL, NULL, NULL, NULL, '2019-08-31 07:41:10', NULL),
(2, 'Pure Luxe in Punta Mita', ' From the iconic to the unexpected, the city of San Francisco never ceases to surprise. Kick-start your effortlessly delivered Northern California holiday in the cosmopolitan hills of  The City . Join your Travel Director and fellow travellers for a Welcome Reception at your hotel.Welcome Reception <br/>From the iconic to the unexpected, the city of San Francisco never ceases to surprise. Kick-start your effortlessly delivered Northern California holiday in the cosmopolitan hills of  The City . Join your Travel Director and fellow travellers for a Welcome Reception at your hotel.Welcome Reception<br/>\r\n    From the iconic to the unexpected, the city of San Francisco never ceases to surprise. Kick-start your effortlessly delivered Northern California holiday in the cosmopolitan hills of  The City . Join your Travel Director and fellow travellers for a Welcome Reception at your hotel.Welcome Reception', 'pure-luxe-in-punta-mita', 'publish', 1, 56, 1, NULL, NULL, NULL, NULL, '2019-08-31 07:41:10', NULL),
(3, 'All Aboard the Rocky Mountaineer', ' From the iconic to the unexpected, the city of San Francisco never ceases to surprise. Kick-start your effortlessly delivered Northern California holiday in the cosmopolitan hills of  The City . Join your Travel Director and fellow travellers for a Welcome Reception at your hotel.Welcome Reception  From the iconic to the unexpected, the city of San Francisco never ceases to surprise. Kick-start your effortlessly delivered Northern California holiday in the cosmopolitan hills of  The City . Join your Travel Director and fellow travellers for a Welcome Reception at your hotel.Welcome Reception <br/>From the iconic to the unexpected, the city of San Francisco never ceases to surprise. Kick-start your effortlessly delivered Northern California holiday in the cosmopolitan hills of  The City . Join your Travel Director and fellow travellers for a Welcome Reception at your hotel.Welcome Reception<br/>\r\n    From the iconic to the unexpected, the city of San Francisco never ceases to surprise. Kick-start your effortlessly delivered Northern California holiday in the cosmopolitan hills of  The City . Join your Travel Director and fellow travellers for a Welcome Reception at your hotel.Welcome Reception', 'all-aboard-the-rocky-mountaineer', 'publish', 1, 57, 1, NULL, NULL, NULL, NULL, '2019-08-31 07:41:10', NULL),
(4, 'City Spotlight: Philadelphia', ' From the iconic to the unexpected, the city of San Francisco never ceases to surprise. Kick-start your effortlessly delivered Northern California holiday in the cosmopolitan hills of  The City . Join your Travel Director and fellow travellers for a Welcome Reception at your hotel.Welcome Reception  From the iconic to the unexpected, the city of San Francisco never ceases to surprise. Kick-start your effortlessly delivered Northern California holiday in the cosmopolitan hills of  The City . Join your Travel Director and fellow travellers for a Welcome Reception at your hotel.Welcome Reception <br/>From the iconic to the unexpected, the city of San Francisco never ceases to surprise. Kick-start your effortlessly delivered Northern California holiday in the cosmopolitan hills of  The City . Join your Travel Director and fellow travellers for a Welcome Reception at your hotel.Welcome Reception<br/>\r\n    From the iconic to the unexpected, the city of San Francisco never ceases to surprise. Kick-start your effortlessly delivered Northern California holiday in the cosmopolitan hills of  The City . Join your Travel Director and fellow travellers for a Welcome Reception at your hotel.Welcome Reception', 'city-spotlight-philadelphia', 'publish', 3, 58, 1, NULL, NULL, NULL, NULL, '2019-08-31 07:41:10', NULL),
(5, 'Tiptoe through the Tulips of Washington', ' From the iconic to the unexpected, the city of San Francisco never ceases to surprise. Kick-start your effortlessly delivered Northern California holiday in the cosmopolitan hills of  The City . Join your Travel Director and fellow travellers for a Welcome Reception at your hotel.Welcome Reception  From the iconic to the unexpected, the city of San Francisco never ceases to surprise. Kick-start your effortlessly delivered Northern California holiday in the cosmopolitan hills of  The City . Join your Travel Director and fellow travellers for a Welcome Reception at your hotel.Welcome Reception <br/>From the iconic to the unexpected, the city of San Francisco never ceases to surprise. Kick-start your effortlessly delivered Northern California holiday in the cosmopolitan hills of  The City . Join your Travel Director and fellow travellers for a Welcome Reception at your hotel.Welcome Reception<br/>\r\n    From the iconic to the unexpected, the city of San Francisco never ceases to surprise. Kick-start your effortlessly delivered Northern California holiday in the cosmopolitan hills of  The City . Join your Travel Director and fellow travellers for a Welcome Reception at your hotel.Welcome Reception', 'tiptoe-through-the-tulips-of-washington', 'publish', 2, 59, 1, NULL, NULL, NULL, NULL, '2019-08-31 07:41:10', NULL),
(6, 'A Seaside Reset in Laguna Beach', ' From the iconic to the unexpected, the city of San Francisco never ceases to surprise. Kick-start your effortlessly delivered Northern California holiday in the cosmopolitan hills of  The City . Join your Travel Director and fellow travellers for a Welcome Reception at your hotel.Welcome Reception  From the iconic to the unexpected, the city of San Francisco never ceases to surprise. Kick-start your effortlessly delivered Northern California holiday in the cosmopolitan hills of  The City . Join your Travel Director and fellow travellers for a Welcome Reception at your hotel.Welcome Reception <br/>From the iconic to the unexpected, the city of San Francisco never ceases to surprise. Kick-start your effortlessly delivered Northern California holiday in the cosmopolitan hills of  The City . Join your Travel Director and fellow travellers for a Welcome Reception at your hotel.Welcome Reception<br/>\r\n    From the iconic to the unexpected, the city of San Francisco never ceases to surprise. Kick-start your effortlessly delivered Northern California holiday in the cosmopolitan hills of  The City . Join your Travel Director and fellow travellers for a Welcome Reception at your hotel.Welcome Reception', 'a-seaside-reset-in-laguna-beach', 'publish', 2, 60, 1, NULL, NULL, NULL, NULL, '2019-08-31 07:41:10', NULL),
(7, 'America  National Parks with Denver', ' From the iconic to the unexpected, the city of San Francisco never ceases to surprise. Kick-start your effortlessly delivered Northern California holiday in the cosmopolitan hills of  The City . Join your Travel Director and fellow travellers for a Welcome Reception at your hotel.Welcome Reception  From the iconic to the unexpected, the city of San Francisco never ceases to surprise. Kick-start your effortlessly delivered Northern California holiday in the cosmopolitan hills of  The City . Join your Travel Director and fellow travellers for a Welcome Reception at your hotel.Welcome Reception <br/>From the iconic to the unexpected, the city of San Francisco never ceases to surprise. Kick-start your effortlessly delivered Northern California holiday in the cosmopolitan hills of  The City . Join your Travel Director and fellow travellers for a Welcome Reception at your hotel.Welcome Reception<br/>\r\n    From the iconic to the unexpected, the city of San Francisco never ceases to surprise. Kick-start your effortlessly delivered Northern California holiday in the cosmopolitan hills of  The City . Join your Travel Director and fellow travellers for a Welcome Reception at your hotel.Welcome Reception', 'america-national-parks-with-denver', 'publish', 4, 61, 1, NULL, NULL, NULL, NULL, '2019-08-31 07:41:10', NULL),
(8, 'Morning in the Northern sea', ' From the iconic to the unexpected, the city of San Francisco never ceases to surprise. Kick-start your effortlessly delivered Northern California holiday in the cosmopolitan hills of  The City . Join your Travel Director and fellow travellers for a Welcome Reception at your hotel.Welcome Reception  From the iconic to the unexpected, the city of San Francisco never ceases to surprise. Kick-start your effortlessly delivered Northern California holiday in the cosmopolitan hills of  The City . Join your Travel Director and fellow travellers for a Welcome Reception at your hotel.Welcome Reception <br/>From the iconic to the unexpected, the city of San Francisco never ceases to surprise. Kick-start your effortlessly delivered Northern California holiday in the cosmopolitan hills of  The City . Join your Travel Director and fellow travellers for a Welcome Reception at your hotel.Welcome Reception<br/>\r\n    From the iconic to the unexpected, the city of San Francisco never ceases to surprise. Kick-start your effortlessly delivered Northern California holiday in the cosmopolitan hills of  The City . Join your Travel Director and fellow travellers for a Welcome Reception at your hotel.Welcome Reception', 'morning-in-the-northern-sea', 'publish', 1, 56, 1, NULL, NULL, NULL, NULL, '2019-08-31 07:41:10', NULL);

-- --------------------------------------------------------

--
-- Table structure for table `core_news_category`
--

CREATE TABLE `core_news_category` (
  `id` bigint(20) UNSIGNED NOT NULL,
  `name` varchar(255) COLLATE utf8mb4_unicode_ci DEFAULT NULL,
  `content` text COLLATE utf8mb4_unicode_ci,
  `slug` varchar(255) COLLATE utf8mb4_unicode_ci DEFAULT NULL,
  `status` varchar(50) COLLATE utf8mb4_unicode_ci DEFAULT NULL,
  `_lft` int(10) UNSIGNED NOT NULL DEFAULT '0',
  `_rgt` int(10) UNSIGNED NOT NULL DEFAULT '0',
  `parent_id` int(10) UNSIGNED DEFAULT NULL,
  `create_user` int(11) DEFAULT NULL,
  `update_user` int(11) DEFAULT NULL,
  `deleted_at` timestamp NULL DEFAULT NULL,
  `created_at` timestamp NULL DEFAULT NULL,
  `updated_at` timestamp NULL DEFAULT NULL
) ENGINE=InnoDB DEFAULT CHARSET=utf8mb4 COLLATE=utf8mb4_unicode_ci;

--
-- Dumping data for table `core_news_category`
--

INSERT INTO `core_news_category` (`id`, `name`, `content`, `slug`, `status`, `_lft`, `_rgt`, `parent_id`, `create_user`, `update_user`, `deleted_at`, `created_at`, `updated_at`) VALUES
(1, 'Adventure Travel', NULL, 'adventure-travel', 'publish', 1, 2, NULL, NULL, NULL, NULL, '2019-08-31 07:41:09', '2019-08-31 07:41:09'),
(2, 'Ecotourism', NULL, 'ecotourism', 'publish', 3, 4, NULL, NULL, NULL, NULL, '2019-08-31 07:41:09', '2019-08-31 07:41:09'),
(3, 'Sea Travel ', NULL, 'sea-travel', 'publish', 5, 6, NULL, NULL, NULL, NULL, '2019-08-31 07:41:10', '2019-08-31 07:41:10'),
(4, 'Hosted Tour', NULL, 'hosted-tour', 'publish', 7, 8, NULL, NULL, NULL, NULL, '2019-08-31 07:41:10', '2019-08-31 07:41:10'),
(5, 'City trips ', NULL, 'city-trips', 'publish', 9, 10, NULL, NULL, NULL, NULL, '2019-08-31 07:41:10', '2019-08-31 07:41:10'),
(6, 'Escorted Tour ', NULL, 'escorted-tour', 'publish', 11, 12, NULL, NULL, NULL, NULL, '2019-08-31 07:41:10', '2019-08-31 07:41:10');

-- --------------------------------------------------------

--
-- Table structure for table `core_news_tag`
--

CREATE TABLE `core_news_tag` (
  `id` bigint(20) UNSIGNED NOT NULL,
  `news_id` int(11) DEFAULT NULL,
  `tag_id` int(11) DEFAULT NULL,
  `create_user` int(11) DEFAULT NULL,
  `update_user` int(11) DEFAULT NULL,
  `deleted_at` timestamp NULL DEFAULT NULL,
  `created_at` timestamp NULL DEFAULT NULL,
  `updated_at` timestamp NULL DEFAULT NULL
) ENGINE=InnoDB DEFAULT CHARSET=utf8mb4 COLLATE=utf8mb4_unicode_ci;

-- --------------------------------------------------------

--
-- Table structure for table `core_pages`
--

CREATE TABLE `core_pages` (
  `id` bigint(20) UNSIGNED NOT NULL,
  `slug` varchar(255) CHARACTER SET utf8 NOT NULL,
  `title` varchar(255) COLLATE utf8mb4_unicode_ci DEFAULT NULL,
  `content` text COLLATE utf8mb4_unicode_ci,
  `short_desc` text COLLATE utf8mb4_unicode_ci,
  `status` varchar(50) COLLATE utf8mb4_unicode_ci DEFAULT NULL,
  `publish_date` datetime DEFAULT NULL,
  `image_id` int(11) DEFAULT NULL,
  `template_id` int(11) DEFAULT NULL,
  `create_user` bigint(20) DEFAULT NULL,
  `update_user` bigint(20) DEFAULT NULL,
  `deleted_at` timestamp NULL DEFAULT NULL,
  `origin_id` bigint(20) DEFAULT NULL,
  `lang` varchar(10) COLLATE utf8mb4_unicode_ci DEFAULT NULL,
  `created_at` timestamp NULL DEFAULT NULL,
  `updated_at` timestamp NULL DEFAULT NULL
) ENGINE=InnoDB DEFAULT CHARSET=utf8mb4 COLLATE=utf8mb4_unicode_ci;

--
-- Dumping data for table `core_pages`
--

INSERT INTO `core_pages` (`id`, `slug`, `title`, `content`, `short_desc`, `status`, `publish_date`, `image_id`, `template_id`, `create_user`, `update_user`, `deleted_at`, `origin_id`, `lang`, `created_at`, `updated_at`) VALUES
(1, 'home-page', 'Home Page', NULL, NULL, 'publish', NULL, NULL, 1, 1, NULL, NULL, NULL, NULL, '2019-08-31 07:41:09', NULL);

-- --------------------------------------------------------

--
-- Table structure for table `core_permissions`
--

CREATE TABLE `core_permissions` (
  `id` int(10) UNSIGNED NOT NULL,
  `name` varchar(191) COLLATE utf8mb4_unicode_ci NOT NULL,
  `guard_name` varchar(191) COLLATE utf8mb4_unicode_ci NOT NULL,
  `created_at` timestamp NULL DEFAULT NULL,
  `updated_at` timestamp NULL DEFAULT NULL
) ENGINE=InnoDB DEFAULT CHARSET=utf8mb4 COLLATE=utf8mb4_unicode_ci;

--
-- Dumping data for table `core_permissions`
--

INSERT INTO `core_permissions` (`id`, `name`, `guard_name`, `created_at`, `updated_at`) VALUES
(1, 'report_view', 'web', '2019-08-31 07:41:00', '2019-08-31 07:41:00'),
(2, 'contact_manage', 'web', '2019-08-31 07:41:00', '2019-08-31 07:41:00'),
(3, 'newsletter_manage', 'web', '2019-08-31 07:41:00', '2019-08-31 07:41:00'),
(4, 'language_manage', 'web', '2019-08-31 07:41:00', '2019-08-31 07:41:00'),
(5, 'language_translation', 'web', '2019-08-31 07:41:00', '2019-08-31 07:41:00'),
(6, 'booking_view', 'web', '2019-08-31 07:41:00', '2019-08-31 07:41:00'),
(7, 'booking_update', 'web', '2019-08-31 07:41:00', '2019-08-31 07:41:00'),
(8, 'booking_manage_others', 'web', '2019-08-31 07:41:00', '2019-08-31 07:41:00'),
(9, 'template_view', 'web', '2019-08-31 07:41:00', '2019-08-31 07:41:00'),
(10, 'template_create', 'web', '2019-08-31 07:41:01', '2019-08-31 07:41:01'),
(11, 'template_update', 'web', '2019-08-31 07:41:01', '2019-08-31 07:41:01'),
(12, 'template_delete', 'web', '2019-08-31 07:41:01', '2019-08-31 07:41:01'),
(13, 'news_view', 'web', '2019-08-31 07:41:01', '2019-08-31 07:41:01'),
(14, 'news_create', 'web', '2019-08-31 07:41:01', '2019-08-31 07:41:01'),
(15, 'news_update', 'web', '2019-08-31 07:41:01', '2019-08-31 07:41:01'),
(16, 'news_delete', 'web', '2019-08-31 07:41:01', '2019-08-31 07:41:01'),
(17, 'news_manage_others', 'web', '2019-08-31 07:41:01', '2019-08-31 07:41:01'),
(18, 'role_view', 'web', '2019-08-31 07:41:01', '2019-08-31 07:41:01'),
(19, 'role_create', 'web', '2019-08-31 07:41:01', '2019-08-31 07:41:01'),
(20, 'role_update', 'web', '2019-08-31 07:41:01', '2019-08-31 07:41:01'),
(21, 'role_delete', 'web', '2019-08-31 07:41:01', '2019-08-31 07:41:01'),
(22, 'permission_view', 'web', '2019-08-31 07:41:01', '2019-08-31 07:41:01'),
(23, 'permission_create', 'web', '2019-08-31 07:41:01', '2019-08-31 07:41:01'),
(24, 'permission_update', 'web', '2019-08-31 07:41:01', '2019-08-31 07:41:01'),
(25, 'permission_delete', 'web', '2019-08-31 07:41:01', '2019-08-31 07:41:01'),
(26, 'dashboard_access', 'web', '2019-08-31 07:41:01', '2019-08-31 07:41:01'),
(27, 'dashboard_vendor_access', 'web', '2019-08-31 07:41:02', '2019-08-31 07:41:02'),
(28, 'setting_update', 'web', '2019-08-31 07:41:02', '2019-08-31 07:41:02'),
(29, 'menu_view', 'web', '2019-08-31 07:41:02', '2019-08-31 07:41:02'),
(30, 'menu_create', 'web', '2019-08-31 07:41:02', '2019-08-31 07:41:02'),
(31, 'menu_update', 'web', '2019-08-31 07:41:02', '2019-08-31 07:41:02'),
(32, 'menu_delete', 'web', '2019-08-31 07:41:02', '2019-08-31 07:41:02'),
(33, 'user_view', 'web', '2019-08-31 07:41:02', '2019-08-31 07:41:02'),
(34, 'user_create', 'web', '2019-08-31 07:41:02', '2019-08-31 07:41:02'),
(35, 'user_update', 'web', '2019-08-31 07:41:02', '2019-08-31 07:41:02'),
(36, 'user_delete', 'web', '2019-08-31 07:41:02', '2019-08-31 07:41:02'),
(37, 'page_view', 'web', '2019-08-31 07:41:02', '2019-08-31 07:41:02'),
(38, 'page_create', 'web', '2019-08-31 07:41:02', '2019-08-31 07:41:02'),
(39, 'page_update', 'web', '2019-08-31 07:41:02', '2019-08-31 07:41:02'),
(40, 'page_delete', 'web', '2019-08-31 07:41:02', '2019-08-31 07:41:02'),
(41, 'page_manage_others', 'web', '2019-08-31 07:41:02', '2019-08-31 07:41:02'),
(42, 'setting_view', 'web', '2019-08-31 07:41:02', '2019-08-31 07:41:02'),
(43, 'media_upload', 'web', '2019-08-31 07:41:02', '2019-08-31 07:41:02'),
(44, 'media_manage', 'web', '2019-08-31 07:41:02', '2019-08-31 07:41:02'),
(45, 'tour_view', 'web', '2019-08-31 07:41:03', '2019-08-31 07:41:03'),
(46, 'tour_create', 'web', '2019-08-31 07:41:03', '2019-08-31 07:41:03'),
(47, 'tour_update', 'web', '2019-08-31 07:41:03', '2019-08-31 07:41:03'),
(48, 'tour_delete', 'web', '2019-08-31 07:41:03', '2019-08-31 07:41:03'),
(49, 'tour_manage_others', 'web', '2019-08-31 07:41:03', '2019-08-31 07:41:03'),
(50, 'tour_manage_attributes', 'web', '2019-08-31 07:41:03', '2019-08-31 07:41:03'),
(51, 'location_view', 'web', '2019-08-31 07:41:03', '2019-08-31 07:41:03'),
(52, 'location_create', 'web', '2019-08-31 07:41:03', '2019-08-31 07:41:03'),
(53, 'location_update', 'web', '2019-08-31 07:41:03', '2019-08-31 07:41:03'),
(54, 'location_delete', 'web', '2019-08-31 07:41:03', '2019-08-31 07:41:03'),
(55, 'location_manage_others', 'web', '2019-08-31 07:41:03', '2019-08-31 07:41:03'),
(56, 'review_manage_others', 'web', '2019-08-31 07:41:03', '2019-08-31 07:41:03'),
(57, 'system_log_view', 'web', '2019-08-31 07:41:03', '2019-08-31 07:41:03');

-- --------------------------------------------------------

--
-- Table structure for table `core_roles`
--

CREATE TABLE `core_roles` (
  `id` int(10) UNSIGNED NOT NULL,
  `name` varchar(191) COLLATE utf8mb4_unicode_ci NOT NULL,
  `guard_name` varchar(191) COLLATE utf8mb4_unicode_ci NOT NULL,
  `origin_id` bigint(20) DEFAULT NULL,
  `lang` varchar(10) COLLATE utf8mb4_unicode_ci DEFAULT NULL,
  `created_at` timestamp NULL DEFAULT NULL,
  `updated_at` timestamp NULL DEFAULT NULL
) ENGINE=InnoDB DEFAULT CHARSET=utf8mb4 COLLATE=utf8mb4_unicode_ci;

--
-- Dumping data for table `core_roles`
--

INSERT INTO `core_roles` (`id`, `name`, `guard_name`, `origin_id`, `lang`, `created_at`, `updated_at`) VALUES
(1, 'vendor', 'web', NULL, NULL, '2019-08-31 07:41:03', '2019-08-31 07:41:03'),
(2, 'customer', 'web', NULL, NULL, '2019-08-31 07:41:04', '2019-08-31 07:41:04'),
(3, 'administrator', 'web', NULL, NULL, '2019-08-31 07:41:04', '2019-08-31 07:41:04');

-- --------------------------------------------------------

--
-- Table structure for table `core_role_has_permissions`
--

CREATE TABLE `core_role_has_permissions` (
  `permission_id` int(10) UNSIGNED NOT NULL,
  `role_id` int(10) UNSIGNED NOT NULL
) ENGINE=InnoDB DEFAULT CHARSET=utf8mb4 COLLATE=utf8mb4_unicode_ci;

--
-- Dumping data for table `core_role_has_permissions`
--

INSERT INTO `core_role_has_permissions` (`permission_id`, `role_id`) VALUES
(1, 3),
(2, 3),
(3, 3),
(4, 3),
(5, 3),
(6, 3),
(7, 3),
(8, 3),
(9, 3),
(10, 3),
(11, 3),
(12, 3),
(13, 3),
(14, 3),
(15, 3),
(16, 3),
(17, 3),
(18, 3),
(19, 3),
(20, 3),
(21, 3),
(22, 3),
(23, 3),
(24, 3),
(25, 3),
(26, 3),
(27, 1),
(27, 3),
(28, 3),
(29, 3),
(30, 3),
(31, 3),
(32, 3),
(33, 3),
(34, 3),
(35, 3),
(36, 3),
(37, 3),
(38, 3),
(39, 3),
(40, 3),
(41, 3),
(42, 3),
(43, 1),
(43, 3),
(44, 3),
(45, 1),
(45, 3),
(46, 1),
(46, 3),
(47, 1),
(47, 3),
(48, 1),
(48, 3),
(49, 3),
(50, 3),
(51, 3),
(52, 3),
(53, 3),
(54, 3),
(55, 3),
(56, 3),
(57, 3);

-- --------------------------------------------------------

--
-- Table structure for table `core_settings`
--

CREATE TABLE `core_settings` (
  `id` bigint(20) UNSIGNED NOT NULL,
  `name` varchar(255) COLLATE utf8mb4_unicode_ci DEFAULT NULL,
  `group` varchar(50) COLLATE utf8mb4_unicode_ci DEFAULT NULL,
  `val` text COLLATE utf8mb4_unicode_ci,
  `autoload` tinyint(4) DEFAULT NULL,
  `create_user` int(11) DEFAULT NULL,
  `update_user` int(11) DEFAULT NULL,
  `lang` varchar(10) COLLATE utf8mb4_unicode_ci DEFAULT NULL,
  `created_at` timestamp NULL DEFAULT NULL,
  `updated_at` timestamp NULL DEFAULT NULL
) ENGINE=InnoDB DEFAULT CHARSET=utf8mb4 COLLATE=utf8mb4_unicode_ci;

--
-- Dumping data for table `core_settings`
--

INSERT INTO `core_settings` (`id`, `name`, `group`, `val`, `autoload`, `create_user`, `update_user`, `lang`, `created_at`, `updated_at`) VALUES
(1, 'menu_locations', 'general', '{\"primary\":1}', NULL, NULL, NULL, NULL, NULL, NULL),
(2, 'admin_email', 'general', 'contact@bookingcore.com', NULL, NULL, NULL, NULL, NULL, NULL),
(3, 'email_from_name', 'general', 'Booking Core', NULL, NULL, NULL, NULL, NULL, NULL),
(4, 'email_from_address', 'general', 'contact@bookingcore.com', NULL, NULL, NULL, NULL, NULL, NULL),
(5, 'logo_id', 'general', '8', NULL, NULL, NULL, NULL, NULL, NULL),
(6, 'social_share', 'general', '[{\"link\":\"#\",\"class_icon\":\"fa fa-facebook\"},{\"link\":\"#\",\"class_icon\":\"fa fa-linkedin\"},{\"link\":\"#\",\"class_icon\":\"fa fa-google-plus\"}]', NULL, NULL, NULL, NULL, NULL, NULL),
(7, 'footer_text_left', 'general', 'Copyright  2019 by Booking Core', NULL, NULL, NULL, NULL, NULL, NULL),
(8, 'footer_text_right', 'general', 'Booking Core', NULL, NULL, NULL, NULL, NULL, NULL),
(9, 'list_widget_footer', 'general', '[{\"title\":\"NEED HELP?\",\"size\":\"3\",\"content\":\"<div class=\\\"contact\\\">\\r\\n        <div class=\\\"c-title\\\">\\r\\n            Call Us\\r\\n        <\\/div>\\r\\n        <div class=\\\"sub\\\">\\r\\n            + 00 222 44 5678\\r\\n        <\\/div>\\r\\n    <\\/div>\\r\\n    <div class=\\\"contact\\\">\\r\\n        <div class=\\\"c-title\\\">\\r\\n            Email for Us\\r\\n        <\\/div>\\r\\n        <div class=\\\"sub\\\">\\r\\n            hello@yoursite.com\\r\\n        <\\/div>\\r\\n    <\\/div>\\r\\n    <div class=\\\"contact\\\">\\r\\n        <div class=\\\"c-title\\\">\\r\\n            Follow Us\\r\\n        <\\/div>\\r\\n        <div class=\\\"sub\\\">\\r\\n            <a href=\\\"#\\\">\\r\\n                <img src=\\\"https:\\/\\/travelhotel.wpengine.com\\/wp-content\\/uploads\\/2018\\/12\\/ico_facebook_footer.png\\\">\\r\\n            <\\/a>\\r\\n            <a href=\\\"#\\\">\\r\\n                <img src=\\\"https:\\/\\/travelhotel.wpengine.com\\/wp-content\\/uploads\\/2018\\/12\\/ico_twitter_footer.png\\\">\\r\\n            <\\/a>\\r\\n            <a href=\\\"#\\\">\\r\\n                <img src=\\\"https:\\/\\/travelhotel.wpengine.com\\/wp-content\\/uploads\\/2018\\/12\\/ico_instagram_footer.png\\\">\\r\\n            <\\/a>\\r\\n        <\\/div>\\r\\n    <\\/div>\"},{\"title\":\"COMPANY\",\"size\":\"3\",\"content\":\"<ul>\\r\\n    <li><a href=\\\"#\\\">About Us<\\/a><\\/li>\\r\\n    <li><a href=\\\"#\\\">Community Blog<\\/a><\\/li>\\r\\n    <li><a href=\\\"#\\\">Rewards<\\/a><\\/li>\\r\\n    <li><a href=\\\"#\\\">Work with Us<\\/a><\\/li>\\r\\n    <li><a href=\\\"#\\\">Meet the Team<\\/a><\\/li>\\r\\n<\\/ul>\"},{\"title\":\"SUPPORT\",\"size\":\"3\",\"content\":\"<ul>\\r\\n    <li><a href=\\\"#\\\">Account<\\/a><\\/li>\\r\\n    <li><a href=\\\"#\\\">Legal<\\/a><\\/li>\\r\\n    <li><a href=\\\"#\\\">Contact<\\/a><\\/li>\\r\\n    <li><a href=\\\"#\\\">Affiliate Program<\\/a><\\/li>\\r\\n    <li><a href=\\\"#\\\">Privacy Policy<\\/a><\\/li>\\r\\n<\\/ul>\"},{\"title\":\"SETTINGS\",\"size\":\"3\",\"content\":\"<ul>\\r\\n<li><a href=\\\"#\\\">Setting 1<\\/a><\\/li>\\r\\n<li><a href=\\\"#\\\">Setting 2<\\/a><\\/li>\\r\\n<\\/ul>\"}]', NULL, NULL, NULL, NULL, NULL, NULL),
(10, 'home_page_id', 'general', '1', NULL, NULL, NULL, NULL, NULL, NULL),
(11, 'currency_main', 'payment', 'usd', NULL, NULL, NULL, NULL, NULL, NULL),
(12, 'currency_format', 'payment', 'left', NULL, NULL, NULL, NULL, NULL, NULL),
(13, 'currency_decimal', 'payment', ',', NULL, NULL, NULL, NULL, NULL, NULL),
(14, 'currency_thousand', 'payment', '.', NULL, NULL, NULL, NULL, NULL, NULL),
(15, 'currency_no_decimal', 'payment', '0', NULL, NULL, NULL, NULL, NULL, NULL),
(16, 'map_provider', 'advance', 'gmap', NULL, NULL, NULL, NULL, NULL, NULL),
(17, 'map_gmap_key', 'advance', '', NULL, NULL, NULL, NULL, NULL, NULL),
(18, 'g_offline_payment_enable', 'payment', '1', NULL, NULL, NULL, NULL, NULL, NULL),
(19, 'g_offline_payment_name', 'payment', 'Offline Payment', NULL, NULL, NULL, NULL, NULL, NULL),
(20, 'date_format', 'general', 'm/d/Y', NULL, NULL, NULL, NULL, NULL, NULL),
(21, 'site_title', 'general', 'Booking Core', NULL, NULL, NULL, NULL, NULL, NULL),
(22, 'email_header', 'general', '<h1 class=\"site-title\" style=\"text-align: center\">Booking Core</h1>', NULL, NULL, NULL, NULL, NULL, NULL),
(23, 'email_footer', 'general', '<p class=\"\" style=\"text-align: center\">&copy; 2019 Booking Core. All rights reserved</p>', NULL, NULL, NULL, NULL, NULL, NULL),
(24, 'news_page_list_title', 'news', 'News', NULL, NULL, NULL, NULL, NULL, NULL),
(25, 'news_page_list_banner', 'news', '62', NULL, NULL, NULL, NULL, NULL, NULL),
(26, 'news_sidebar', 'news', '[{\"title\":null,\"content\":null,\"type\":\"search_form\"},{\"title\":\"About Us\",\"content\":\"Nam dapibus nisl vitae elit fringilla rutrum. Aenean sollicitudin, erat a elementum rutrum, neque sem pretium metus, quis mollis nisl nunc et massa\",\"type\":\"content_text\"},{\"title\":\"Recent News\",\"content\":null,\"type\":\"recent_news\"},{\"title\":\"Categories\",\"content\":null,\"type\":\"category\"},{\"title\":\"Tags\",\"content\":null,\"type\":\"tag\"}]', NULL, NULL, NULL, NULL, NULL, NULL),
(27, 'tour_page_search_title', 'tour', 'Search for tour', NULL, NULL, NULL, NULL, NULL, NULL),
(28, 'tour_page_search_banner', 'tour', '9', NULL, NULL, NULL, NULL, NULL, NULL),
(29, 'tour_layout_search', 'tour', 'normal', NULL, NULL, NULL, NULL, NULL, NULL),
(30, 'tour_enable_review', 'tour', '1', NULL, NULL, NULL, NULL, NULL, NULL),
(31, 'tour_review_approved', 'tour', '0', NULL, NULL, NULL, NULL, NULL, NULL),
(32, 'tour_review_stats', 'tour', '[{\"title\":\"Service\"},{\"title\":\"Organization\"},{\"title\":\"Friendliness\"},{\"title\":\"Area Expert\"},{\"title\":\"Safety\"}]', NULL, NULL, NULL, NULL, NULL, NULL);

-- --------------------------------------------------------

--
-- Table structure for table `core_subscribers`
--

CREATE TABLE `core_subscribers` (
  `id` bigint(20) UNSIGNED NOT NULL,
  `email` varchar(255) COLLATE utf8mb4_unicode_ci DEFAULT NULL,
  `first_name` varchar(255) COLLATE utf8mb4_unicode_ci DEFAULT NULL,
  `last_name` varchar(255) COLLATE utf8mb4_unicode_ci DEFAULT NULL,
  `create_user` int(11) DEFAULT NULL,
  `update_user` int(11) DEFAULT NULL,
  `deleted_at` timestamp NULL DEFAULT NULL,
  `created_at` timestamp NULL DEFAULT NULL,
  `updated_at` timestamp NULL DEFAULT NULL
) ENGINE=InnoDB DEFAULT CHARSET=utf8mb4 COLLATE=utf8mb4_unicode_ci;

-- --------------------------------------------------------

--
-- Table structure for table `core_tags`
--

CREATE TABLE `core_tags` (
  `id` bigint(20) UNSIGNED NOT NULL,
  `name` varchar(255) COLLATE utf8mb4_unicode_ci DEFAULT NULL,
  `slug` varchar(255) COLLATE utf8mb4_unicode_ci DEFAULT NULL,
  `content` varchar(255) COLLATE utf8mb4_unicode_ci DEFAULT NULL,
  `create_user` varchar(255) COLLATE utf8mb4_unicode_ci DEFAULT NULL,
  `update_user` varchar(255) COLLATE utf8mb4_unicode_ci DEFAULT NULL,
  `deleted_at` timestamp NULL DEFAULT NULL,
  `origin_id` bigint(20) DEFAULT NULL,
  `lang` varchar(10) COLLATE utf8mb4_unicode_ci DEFAULT NULL,
  `created_at` timestamp NULL DEFAULT NULL,
  `updated_at` timestamp NULL DEFAULT NULL
) ENGINE=InnoDB DEFAULT CHARSET=utf8mb4 COLLATE=utf8mb4_unicode_ci;

--
-- Dumping data for table `core_tags`
--

INSERT INTO `core_tags` (`id`, `name`, `slug`, `content`, `create_user`, `update_user`, `deleted_at`, `origin_id`, `lang`, `created_at`, `updated_at`) VALUES
(1, 'park', 'park', NULL, NULL, NULL, NULL, NULL, NULL, '2019-08-31 07:41:10', '2019-08-31 07:41:10'),
(2, 'National park', 'national-park', NULL, NULL, NULL, NULL, NULL, NULL, '2019-08-31 07:41:10', '2019-08-31 07:41:10'),
(3, 'Moutain', 'moutain', NULL, NULL, NULL, NULL, NULL, NULL, '2019-08-31 07:41:10', '2019-08-31 07:41:10'),
(4, 'Travel', 'travel', NULL, NULL, NULL, NULL, NULL, NULL, '2019-08-31 07:41:10', '2019-08-31 07:41:10'),
(5, 'Summer', 'summer', NULL, NULL, NULL, NULL, NULL, NULL, '2019-08-31 07:41:10', '2019-08-31 07:41:10'),
(6, 'Walking', 'walking', NULL, NULL, NULL, NULL, NULL, NULL, '2019-08-31 07:41:10', '2019-08-31 07:41:10');

-- --------------------------------------------------------

--
-- Table structure for table `core_templates`
--

CREATE TABLE `core_templates` (
  `id` bigint(20) UNSIGNED NOT NULL,
  `title` varchar(255) COLLATE utf8mb4_unicode_ci DEFAULT NULL,
  `content` longtext COLLATE utf8mb4_unicode_ci,
  `type_id` int(11) DEFAULT NULL,
  `create_user` int(11) DEFAULT NULL,
  `update_user` int(11) DEFAULT NULL,
  `origin_id` bigint(20) DEFAULT NULL,
  `lang` varchar(10) COLLATE utf8mb4_unicode_ci DEFAULT NULL,
  `created_at` timestamp NULL DEFAULT NULL,
  `updated_at` timestamp NULL DEFAULT NULL
) ENGINE=InnoDB DEFAULT CHARSET=utf8mb4 COLLATE=utf8mb4_unicode_ci;

--
-- Dumping data for table `core_templates`
--

INSERT INTO `core_templates` (`id`, `title`, `content`, `type_id`, `create_user`, `update_user`, `origin_id`, `lang`, `created_at`, `updated_at`) VALUES
(1, 'Home', '[{\"type\":\"form_search_tour\",\"name\":\"Form Search Tours\",\"model\":{\"title\":\"Love where you\'re going\",\"sub_title\":\"Book incredible things to do around the world.\",\"bg_image\":9},\"component\":\"RegularBlock\",\"open\":true,\"is_container\":false},{\"type\":\"list_featured_item\",\"name\":\"List Featured Item\",\"model\":{\"list_item\":[{\"_active\":false,\"title\":\"1,000+ local guides\",\"sub_title\":\"Morbi semper fames lobortis ac hac penatibus\",\"icon_image\":5},{\"_active\":false,\"title\":\"Handcrafted experiences\",\"sub_title\":\"Morbi semper fames lobortis ac hac penatibus\",\"icon_image\":4},{\"_active\":false,\"title\":\"96% happy travelers\",\"sub_title\":\"Morbi semper fames lobortis ac hac penatibus\",\"icon_image\":6}]},\"component\":\"RegularBlock\",\"open\":true,\"is_container\":false},{\"type\":\"list_tours\",\"name\":\"List Tours\",\"model\":{\"title\":\"Trending Tours\",\"number\":5,\"style\":\"carousel\",\"category_id\":\"\",\"location_id\":\"\",\"order\":\"id\",\"order_by\":\"desc\"},\"component\":\"RegularBlock\",\"open\":true,\"is_container\":false},{\"type\":\"list_locations\",\"name\":\"List Locations\",\"model\":{\"title\":\"Top Destinations\",\"number\":5,\"order\":\"id\",\"order_by\":\"desc\",\"service_type\":\"tour\"},\"component\":\"RegularBlock\",\"open\":true,\"is_container\":false},{\"type\":\"list_tours\",\"name\":\"List Tours\",\"model\":{\"title\":\"Local Experiences Youll Love\",\"number\":8,\"style\":\"normal\",\"category_id\":\"\",\"location_id\":\"\",\"order\":\"id\",\"order_by\":\"asc\"},\"component\":\"RegularBlock\",\"open\":true,\"is_container\":false},{\"type\":\"call_to_action\",\"name\":\"Call To Action\",\"model\":{\"title\":\"Know your city?\",\"sub_title\":\"Join 2000+ locals & 1200+ contributors from 3000 cities\",\"link_title\":\"Become Local Expert\",\"link_more\":\"#\"},\"component\":\"RegularBlock\",\"open\":true,\"is_container\":false},{\"type\":\"testimonial\",\"name\":\"List Testimonial\",\"model\":{\"title\":\"Our happy clients\",\"list_item\":[{\"_active\":false,\"name\":\"Eva Hicks\",\"desc\":\"Faucibus tristique felis potenti ultrices ornare rhoncus semper hac facilisi Rutrum tellus lorem sem velit nisi non pharetra in dui. \",\"number_star\":5,\"avatar\":1},{\"_active\":false,\"name\":\"Donald Wolf\",\"desc\":\"Faucibus tristique felis potenti ultrices ornare rhoncus semper hac facilisi Rutrum tellus lorem sem velit nisi non pharetra in dui. \",\"number_star\":6,\"avatar\":2},{\"_active\":false,\"name\":\"Charlie Harrington\",\"desc\":\"Faucibus tristique felis potenti ultrices ornare rhoncus semper hac facilisi Rutrum tellus lorem sem velit nisi non pharetra in dui.\",\"number_star\":5,\"avatar\":3}]},\"component\":\"RegularBlock\",\"open\":true,\"is_container\":false}]', NULL, 1, NULL, NULL, NULL, '2019-08-31 07:41:09', NULL);

-- --------------------------------------------------------

--
-- Table structure for table `core_translations`
--

CREATE TABLE `core_translations` (
  `id` bigint(20) UNSIGNED NOT NULL,
  `locale` varchar(10) COLLATE utf8mb4_unicode_ci DEFAULT NULL,
  `string` text COLLATE utf8mb4_unicode_ci,
  `parent_id` bigint(20) DEFAULT NULL,
  `create_user` int(11) DEFAULT NULL,
  `update_user` int(11) DEFAULT NULL,
  `last_build_at` timestamp NULL DEFAULT NULL,
  `deleted_at` timestamp NULL DEFAULT NULL,
  `created_at` timestamp NULL DEFAULT NULL,
  `updated_at` timestamp NULL DEFAULT NULL
) ENGINE=InnoDB DEFAULT CHARSET=utf8mb4 COLLATE=utf8mb4_unicode_ci;

-- --------------------------------------------------------

--
-- Table structure for table `media_files`
--

CREATE TABLE `media_files` (
  `id` bigint(20) UNSIGNED NOT NULL,
  `file_name` varchar(255) COLLATE utf8mb4_unicode_ci DEFAULT NULL,
  `file_path` varchar(255) COLLATE utf8mb4_unicode_ci DEFAULT NULL,
  `file_size` varchar(255) COLLATE utf8mb4_unicode_ci DEFAULT NULL,
  `file_type` varchar(255) COLLATE utf8mb4_unicode_ci DEFAULT NULL,
  `file_extension` varchar(255) COLLATE utf8mb4_unicode_ci DEFAULT NULL,
  `create_user` int(11) DEFAULT NULL,
  `update_user` int(11) DEFAULT NULL,
  `deleted_at` timestamp NULL DEFAULT NULL,
  `app_id` int(11) DEFAULT NULL,
  `app_user_id` int(11) DEFAULT NULL,
  `file_width` int(11) DEFAULT NULL,
  `file_height` int(11) DEFAULT NULL,
  `created_at` timestamp NULL DEFAULT NULL,
  `updated_at` timestamp NULL DEFAULT NULL
) ENGINE=InnoDB DEFAULT CHARSET=utf8mb4 COLLATE=utf8mb4_unicode_ci;

--
-- Dumping data for table `media_files`
--

INSERT INTO `media_files` (`id`, `file_name`, `file_path`, `file_size`, `file_type`, `file_extension`, `create_user`, `update_user`, `deleted_at`, `app_id`, `app_user_id`, `file_width`, `file_height`, `created_at`, `updated_at`) VALUES
(1, 'avatar', 'demo/general/avatar.jpg', NULL, 'image/jpeg', 'jpg', NULL, NULL, NULL, NULL, NULL, NULL, NULL, NULL, NULL),
(2, 'avatar-2', 'demo/general/avatar-2.jpg', NULL, 'image/jpeg', 'jpg', NULL, NULL, NULL, NULL, NULL, NULL, NULL, NULL, NULL),
(3, 'avatar-3', 'demo/general/avatar-3.jpg', NULL, 'image/jpeg', 'jpg', NULL, NULL, NULL, NULL, NULL, NULL, NULL, NULL, NULL),
(4, 'ico_adventurous', 'demo/general/ico_adventurous.png', NULL, 'image/png', 'png', NULL, NULL, NULL, NULL, NULL, NULL, NULL, NULL, NULL),
(5, 'ico_localguide', 'demo/general/ico_localguide.png', NULL, 'image/png', 'png', NULL, NULL, NULL, NULL, NULL, NULL, NULL, NULL, NULL),
(6, 'ico_maps', 'demo/general/ico_maps.png', NULL, 'image/png', 'png', NULL, NULL, NULL, NULL, NULL, NULL, NULL, NULL, NULL),
(7, 'ico_paymethod', 'demo/general/ico_paymethod.png', NULL, 'image/png', 'png', NULL, NULL, NULL, NULL, NULL, NULL, NULL, NULL, NULL),
(8, 'logo', 'demo/general/logo.svg', NULL, 'image/svg+xml', 'svg', NULL, NULL, NULL, NULL, NULL, NULL, NULL, NULL, NULL),
(9, 'banner-search', 'demo/tour/banner-search.jpg', NULL, 'image/jpeg', 'jpg', NULL, NULL, NULL, NULL, NULL, NULL, NULL, NULL, NULL),
(10, 'tour-1', 'demo/tour/tour-1.jpg', NULL, 'image/jpeg', 'jpg', NULL, NULL, NULL, NULL, NULL, NULL, NULL, NULL, NULL),
(11, 'tour-2', 'demo/tour/tour-2.jpg', NULL, 'image/jpeg', 'jpg', NULL, NULL, NULL, NULL, NULL, NULL, NULL, NULL, NULL),
(12, 'tour-3', 'demo/tour/tour-3.jpg', NULL, 'image/jpeg', 'jpg', NULL, NULL, NULL, NULL, NULL, NULL, NULL, NULL, NULL),
(13, 'tour-4', 'demo/tour/tour-4.jpg', NULL, 'image/jpeg', 'jpg', NULL, NULL, NULL, NULL, NULL, NULL, NULL, NULL, NULL),
(14, 'tour-5', 'demo/tour/tour-5.jpg', NULL, 'image/jpeg', 'jpg', NULL, NULL, NULL, NULL, NULL, NULL, NULL, NULL, NULL),
(15, 'tour-6', 'demo/tour/tour-6.jpg', NULL, 'image/jpeg', 'jpg', NULL, NULL, NULL, NULL, NULL, NULL, NULL, NULL, NULL),
(16, 'tour-7', 'demo/tour/tour-7.jpg', NULL, 'image/jpeg', 'jpg', NULL, NULL, NULL, NULL, NULL, NULL, NULL, NULL, NULL),
(17, 'tour-8', 'demo/tour/tour-8.jpg', NULL, 'image/jpeg', 'jpg', NULL, NULL, NULL, NULL, NULL, NULL, NULL, NULL, NULL),
(18, 'tour-9', 'demo/tour/tour-9.jpg', NULL, 'image/jpeg', 'jpg', NULL, NULL, NULL, NULL, NULL, NULL, NULL, NULL, NULL),
(19, 'tour-10', 'demo/tour/tour-10.jpg', NULL, 'image/jpeg', 'jpg', NULL, NULL, NULL, NULL, NULL, NULL, NULL, NULL, NULL),
(20, 'tour-11', 'demo/tour/tour-11.jpg', NULL, 'image/jpeg', 'jpg', NULL, NULL, NULL, NULL, NULL, NULL, NULL, NULL, NULL),
(21, 'tour-12', 'demo/tour/tour-12.jpg', NULL, 'image/jpeg', 'jpg', NULL, NULL, NULL, NULL, NULL, NULL, NULL, NULL, NULL),
(22, 'tour-13', 'demo/tour/tour-13.jpg', NULL, 'image/jpeg', 'jpg', NULL, NULL, NULL, NULL, NULL, NULL, NULL, NULL, NULL),
(23, 'tour-14', 'demo/tour/tour-14.jpg', NULL, 'image/jpeg', 'jpg', NULL, NULL, NULL, NULL, NULL, NULL, NULL, NULL, NULL),
(24, 'tour-15', 'demo/tour/tour-15.jpg', NULL, 'image/jpeg', 'jpg', NULL, NULL, NULL, NULL, NULL, NULL, NULL, NULL, NULL),
(25, 'tour-16', 'demo/tour/tour-16.jpg', NULL, 'image/jpeg', 'jpg', NULL, NULL, NULL, NULL, NULL, NULL, NULL, NULL, NULL),
(26, 'gallery-1', 'demo/tour/gallery-1.jpg', NULL, 'image/jpeg', 'jpg', NULL, NULL, NULL, NULL, NULL, NULL, NULL, NULL, NULL),
(27, 'gallery-2', 'demo/tour/gallery-2.jpg', NULL, 'image/jpeg', 'jpg', NULL, NULL, NULL, NULL, NULL, NULL, NULL, NULL, NULL),
(28, 'gallery-3', 'demo/tour/gallery-3.jpg', NULL, 'image/jpeg', 'jpg', NULL, NULL, NULL, NULL, NULL, NULL, NULL, NULL, NULL),
(29, 'gallery-4', 'demo/tour/gallery-4.jpg', NULL, 'image/jpeg', 'jpg', NULL, NULL, NULL, NULL, NULL, NULL, NULL, NULL, NULL),
(30, 'gallery-5', 'demo/tour/gallery-5.jpg', NULL, 'image/jpeg', 'jpg', NULL, NULL, NULL, NULL, NULL, NULL, NULL, NULL, NULL),
(31, 'gallery-6', 'demo/tour/gallery-6.jpg', NULL, 'image/jpeg', 'jpg', NULL, NULL, NULL, NULL, NULL, NULL, NULL, NULL, NULL),
(32, 'gallery-7', 'demo/tour/gallery-7.jpg', NULL, 'image/jpeg', 'jpg', NULL, NULL, NULL, NULL, NULL, NULL, NULL, NULL, NULL),
(33, 'banner-tour-1', 'demo/tour/banner-detail/banner-tour-1.jpg', NULL, 'image/jpeg', 'jpg', NULL, NULL, NULL, NULL, NULL, NULL, NULL, NULL, NULL),
(34, 'banner-tour-2', 'demo/tour/banner-detail/banner-tour-2.jpg', NULL, 'image/jpeg', 'jpg', NULL, NULL, NULL, NULL, NULL, NULL, NULL, NULL, NULL),
(35, 'banner-tour-3', 'demo/tour/banner-detail/banner-tour-3.jpg', NULL, 'image/jpeg', 'jpg', NULL, NULL, NULL, NULL, NULL, NULL, NULL, NULL, NULL),
(36, 'banner-tour-4', 'demo/tour/banner-detail/banner-tour-4.jpg', NULL, 'image/jpeg', 'jpg', NULL, NULL, NULL, NULL, NULL, NULL, NULL, NULL, NULL),
(37, 'banner-tour-5', 'demo/tour/banner-detail/banner-tour-5.jpg', NULL, 'image/jpeg', 'jpg', NULL, NULL, NULL, NULL, NULL, NULL, NULL, NULL, NULL),
(38, 'banner-tour-6', 'demo/tour/banner-detail/banner-tour-6.jpg', NULL, 'image/jpeg', 'jpg', NULL, NULL, NULL, NULL, NULL, NULL, NULL, NULL, NULL),
(39, 'banner-tour-7', 'demo/tour/banner-detail/banner-tour-7.jpg', NULL, 'image/jpeg', 'jpg', NULL, NULL, NULL, NULL, NULL, NULL, NULL, NULL, NULL),
(40, 'banner-tour-8', 'demo/tour/banner-detail/banner-tour-8.jpg', NULL, 'image/jpeg', 'jpg', NULL, NULL, NULL, NULL, NULL, NULL, NULL, NULL, NULL),
(41, 'banner-tour-9', 'demo/tour/banner-detail/banner-tour-9.jpg', NULL, 'image/jpeg', 'jpg', NULL, NULL, NULL, NULL, NULL, NULL, NULL, NULL, NULL),
(42, 'banner-tour-10', 'demo/tour/banner-detail/banner-tour-10.jpg', NULL, 'image/jpeg', 'jpg', NULL, NULL, NULL, NULL, NULL, NULL, NULL, NULL, NULL),
(43, 'banner-tour-11', 'demo/tour/banner-detail/banner-tour-11.jpg', NULL, 'image/jpeg', 'jpg', NULL, NULL, NULL, NULL, NULL, NULL, NULL, NULL, NULL),
(44, 'banner-tour-12', 'demo/tour/banner-detail/banner-tour-12.jpg', NULL, 'image/jpeg', 'jpg', NULL, NULL, NULL, NULL, NULL, NULL, NULL, NULL, NULL),
(45, 'banner-tour-13', 'demo/tour/banner-detail/banner-tour-13.jpg', NULL, 'image/jpeg', 'jpg', NULL, NULL, NULL, NULL, NULL, NULL, NULL, NULL, NULL),
(46, 'banner-tour-14', 'demo/tour/banner-detail/banner-tour-14.jpg', NULL, 'image/jpeg', 'jpg', NULL, NULL, NULL, NULL, NULL, NULL, NULL, NULL, NULL),
(47, 'banner-tour-15', 'demo/tour/banner-detail/banner-tour-15.jpg', NULL, 'image/jpeg', 'jpg', NULL, NULL, NULL, NULL, NULL, NULL, NULL, NULL, NULL),
(48, 'banner-tour-16', 'demo/tour/banner-detail/banner-tour-16.jpg', NULL, 'image/jpeg', 'jpg', NULL, NULL, NULL, NULL, NULL, NULL, NULL, NULL, NULL),
(49, 'banner-tour-17', 'demo/tour/banner-detail/banner-tour-17.jpg', NULL, 'image/jpeg', 'jpg', NULL, NULL, NULL, NULL, NULL, NULL, NULL, NULL, NULL),
(50, 'location-1', 'demo/location/location-1.jpg', NULL, 'image/jpeg', 'jpg', NULL, NULL, NULL, NULL, NULL, NULL, NULL, NULL, NULL),
(51, 'location-2', 'demo/location/location-2.jpg', NULL, 'image/jpeg', 'jpg', NULL, NULL, NULL, NULL, NULL, NULL, NULL, NULL, NULL),
(52, 'location-3', 'demo/location/location-3.jpg', NULL, 'image/jpeg', 'jpg', NULL, NULL, NULL, NULL, NULL, NULL, NULL, NULL, NULL),
(53, 'location-4', 'demo/location/location-4.jpg', NULL, 'image/jpeg', 'jpg', NULL, NULL, NULL, NULL, NULL, NULL, NULL, NULL, NULL),
(54, 'location-5', 'demo/location/location-5.jpg', NULL, 'image/jpeg', 'jpg', NULL, NULL, NULL, NULL, NULL, NULL, NULL, NULL, NULL),
(55, 'news-1', 'demo/news/news-1.jpg', NULL, 'image/jpeg', 'jpg', NULL, NULL, NULL, NULL, NULL, NULL, NULL, NULL, NULL),
(56, 'news-2', 'demo/news/news-2.jpg', NULL, 'image/jpeg', 'jpg', NULL, NULL, NULL, NULL, NULL, NULL, NULL, NULL, NULL),
(57, 'news-3', 'demo/news/news-3.jpg', NULL, 'image/jpeg', 'jpg', NULL, NULL, NULL, NULL, NULL, NULL, NULL, NULL, NULL),
(58, 'news-4', 'demo/news/news-4.jpg', NULL, 'image/jpeg', 'jpg', NULL, NULL, NULL, NULL, NULL, NULL, NULL, NULL, NULL),
(59, 'news-5', 'demo/news/news-5.jpg', NULL, 'image/jpeg', 'jpg', NULL, NULL, NULL, NULL, NULL, NULL, NULL, NULL, NULL),
(60, 'news-6', 'demo/news/news-6.jpg', NULL, 'image/jpeg', 'jpg', NULL, NULL, NULL, NULL, NULL, NULL, NULL, NULL, NULL),
(61, 'news-7', 'demo/news/news-7.jpg', NULL, 'image/jpeg', 'jpg', NULL, NULL, NULL, NULL, NULL, NULL, NULL, NULL, NULL),
(62, 'news-banner', 'demo/news/news-banner.jpg', NULL, 'image/jpeg', 'jpg', NULL, NULL, NULL, NULL, NULL, NULL, NULL, NULL, NULL);

-- --------------------------------------------------------

--
-- Table structure for table `migrations`
--

CREATE TABLE `migrations` (
  `id` int(10) UNSIGNED NOT NULL,
  `migration` varchar(191) COLLATE utf8mb4_unicode_ci NOT NULL,
  `batch` int(11) NOT NULL
) ENGINE=InnoDB DEFAULT CHARSET=utf8mb4 COLLATE=utf8mb4_unicode_ci;

--
-- Dumping data for table `migrations`
--

INSERT INTO `migrations` (`id`, `migration`, `batch`) VALUES
(1, '2014_10_12_000000_create_users_table', 1),
(2, '2014_10_12_100000_create_password_resets_table', 1),
(3, '2019_03_13_174533_create_permission_tables', 1),
(4, '2019_03_17_114820_create_table_core_pages', 1),
(5, '2019_03_17_140539_create_media_files_table', 1),
(6, '2019_03_20_072502_create_bravo_tours', 1),
(7, '2019_03_20_081256_create_core_news_category_table', 1),
(8, '2019_03_27_081940_create_core_setting_table', 1),
(9, '2019_03_28_101009_create_bravo_booking_table', 1),
(10, '2019_03_28_165911_create_booking_meta_table', 1),
(11, '2019_03_29_093236_update_bookings_table', 1),
(12, '2019_04_01_045229_create_user_meta_table', 1),
(13, '2019_04_01_150630_create_menu_table', 1),
(14, '2019_04_02_150630_create_core_news_table', 1),
(15, '2019_04_03_073553_bravo_tour_category', 1),
(16, '2019_04_03_080159_bravo_location', 1),
(17, '2019_04_05_143248_create_core_templates_table', 1),
(18, '2019_04_18_152537_create_bravo_tours_meta_table', 1),
(19, '2019_05_07_085430_create_core_languages_table', 1),
(20, '2019_05_07_085442_create_core_translations_table', 1),
(21, '2019_05_17_074008_create_bravo_review', 1),
(22, '2019_05_17_074048_create_bravo_review_meta', 1),
(23, '2019_05_17_113042_create_tour_attrs_table', 1),
(24, '2019_05_21_084235_create_bravo_contact_table', 1),
(25, '2019_05_28_152845_create_core_subscribers_table', 1),
(26, '2019_06_17_142338_bravo_seo', 1),
(27, '2019_07_03_070406_update_from_1_0_to_1_1', 1),
(28, '2020_04_02_150631_create_core_tags_table', 1),
(29, '2021_04_02_150632_create_core_tag_new_table', 1);

-- --------------------------------------------------------

--
-- Table structure for table `password_resets`
--

CREATE TABLE `password_resets` (
  `email` varchar(191) COLLATE utf8mb4_unicode_ci NOT NULL,
  `token` varchar(191) COLLATE utf8mb4_unicode_ci NOT NULL,
  `created_at` timestamp NULL DEFAULT NULL
) ENGINE=InnoDB DEFAULT CHARSET=utf8mb4 COLLATE=utf8mb4_unicode_ci;

-- --------------------------------------------------------

--
-- Table structure for table `users`
--

CREATE TABLE `users` (
  `id` bigint(20) UNSIGNED NOT NULL,
  `name` varchar(191) COLLATE utf8mb4_unicode_ci NOT NULL,
  `first_name` varchar(255) COLLATE utf8mb4_unicode_ci DEFAULT NULL,
  `last_name` varchar(255) COLLATE utf8mb4_unicode_ci DEFAULT NULL,
  `email` varchar(191) COLLATE utf8mb4_unicode_ci NOT NULL,
  `email_verified_at` timestamp NULL DEFAULT NULL,
  `password` varchar(191) COLLATE utf8mb4_unicode_ci NOT NULL,
  `address` varchar(255) COLLATE utf8mb4_unicode_ci DEFAULT NULL,
  `address2` varchar(255) COLLATE utf8mb4_unicode_ci DEFAULT NULL,
  `phone` varchar(30) COLLATE utf8mb4_unicode_ci DEFAULT NULL,
  `birthday` date DEFAULT NULL,
  `city` varchar(255) COLLATE utf8mb4_unicode_ci DEFAULT NULL,
  `state` varchar(255) COLLATE utf8mb4_unicode_ci DEFAULT NULL,
  `country` varchar(255) COLLATE utf8mb4_unicode_ci DEFAULT NULL,
  `zip_code` int(11) DEFAULT NULL,
  `last_login_at` datetime DEFAULT NULL,
  `avatar_id` bigint(20) DEFAULT NULL,
  `bio` text COLLATE utf8mb4_unicode_ci,
  `status` varchar(20) COLLATE utf8mb4_unicode_ci DEFAULT NULL,
  `create_user` int(11) DEFAULT NULL,
  `update_user` int(11) DEFAULT NULL,
  `deleted_at` timestamp NULL DEFAULT NULL,
  `remember_token` varchar(100) COLLATE utf8mb4_unicode_ci DEFAULT NULL,
  `created_at` timestamp NULL DEFAULT NULL,
  `updated_at` timestamp NULL DEFAULT NULL,
  `payment_gateway` varchar(30) COLLATE utf8mb4_unicode_ci DEFAULT NULL,
  `total_guests` int(11) DEFAULT NULL
) ENGINE=InnoDB DEFAULT CHARSET=utf8mb4 COLLATE=utf8mb4_unicode_ci;

--
-- Dumping data for table `users`
--

INSERT INTO `users` (`id`, `name`, `first_name`, `last_name`, `email`, `email_verified_at`, `password`, `address`, `address2`, `phone`, `birthday`, `city`, `state`, `country`, `zip_code`, `last_login_at`, `avatar_id`, `bio`, `status`, `create_user`, `update_user`, `deleted_at`, `remember_token`, `created_at`, `updated_at`, `payment_gateway`, `total_guests`) VALUES
(1, 'System Admin', NULL, NULL, 'admin@dev.com', NULL, '$2y$10$hGKGyzU8OTk8DBEe1GixOudcV7Q0WVHWoAuanz0XuBPtTAtY3UV82', NULL, NULL, NULL, NULL, NULL, NULL, NULL, NULL, NULL, NULL, NULL, NULL, NULL, NULL, NULL, NULL, '2019-08-31 07:41:06', NULL, NULL, NULL),
(2, 'Vendor 01', NULL, NULL, 'vendor1@dev.com', NULL, '$2y$10$fSuXPd.Usuev4pPwCcpTD.U45AnPCSi1zb/ieKXEeBjLh0tT2brHO', NULL, NULL, NULL, NULL, NULL, NULL, NULL, NULL, NULL, NULL, NULL, NULL, NULL, NULL, NULL, NULL, '2019-08-31 07:41:06', NULL, NULL, NULL),
(3, 'Customer 01', NULL, NULL, 'customer1@dev.com', NULL, '$2y$10$1v14X90JG0CYFGLz4sNIFe8QkrFlQFGgDJu8Rz7gwT53b8t2v3BL6', NULL, NULL, NULL, NULL, NULL, NULL, NULL, NULL, NULL, NULL, NULL, NULL, NULL, NULL, NULL, NULL, '2019-08-31 07:41:06', NULL, NULL, NULL),
(4, 'Do Quan', NULL, NULL, 'quandq@gmail.com', NULL, '$2y$10$rHLHhxnVQkZS0gEozmgHReHYMnD0xn8/GiiXkvWtDOK/GQfWxsOzK', NULL, NULL, NULL, NULL, NULL, NULL, NULL, NULL, NULL, NULL, NULL, NULL, NULL, NULL, NULL, NULL, '2019-08-31 07:41:07', NULL, NULL, NULL),
(5, 'Martin Mbithi', 'Martin', 'Mbithi', 'martinezmbithi@gmail.com', NULL, '$2y$10$UdzTex3FLhB1WXrCIsDoLOzMhBqygOWOFETml6ioaWxzmZ..QCxYy', NULL, NULL, '0737229776', NULL, NULL, NULL, 'KE', NULL, NULL, NULL, NULL, NULL, NULL, NULL, NULL, 'StzqnUYPx5JkKOaFmtZ8vUTwAUP4vzhnaOHrwS0PAZGM6VMqjS1Nyer8LBKY', '2019-08-31 07:42:39', '2019-08-31 07:44:13', NULL, NULL);

-- --------------------------------------------------------

--
-- Table structure for table `user_meta`
--

CREATE TABLE `user_meta` (
  `id` bigint(20) UNSIGNED NOT NULL,
  `user_id` int(11) DEFAULT NULL,
  `name` varchar(255) COLLATE utf8mb4_unicode_ci DEFAULT NULL,
  `val` text COLLATE utf8mb4_unicode_ci,
  `create_user` int(11) DEFAULT NULL,
  `update_user` int(11) DEFAULT NULL,
  `deleted_at` timestamp NULL DEFAULT NULL,
  `created_at` timestamp NULL DEFAULT NULL,
  `updated_at` timestamp NULL DEFAULT NULL
) ENGINE=InnoDB DEFAULT CHARSET=utf8mb4 COLLATE=utf8mb4_unicode_ci;

--
-- Indexes for dumped tables
--

--
-- Indexes for table `bravo_attrs`
--
ALTER TABLE `bravo_attrs`
  ADD PRIMARY KEY (`id`);

--
-- Indexes for table `bravo_bookings`
--
ALTER TABLE `bravo_bookings`
  ADD PRIMARY KEY (`id`);

--
-- Indexes for table `bravo_booking_meta`
--
ALTER TABLE `bravo_booking_meta`
  ADD PRIMARY KEY (`id`);

--
-- Indexes for table `bravo_booking_payments`
--
ALTER TABLE `bravo_booking_payments`
  ADD PRIMARY KEY (`id`);

--
-- Indexes for table `bravo_contact`
--
ALTER TABLE `bravo_contact`
  ADD PRIMARY KEY (`id`);

--
-- Indexes for table `bravo_locations`
--
ALTER TABLE `bravo_locations`
  ADD PRIMARY KEY (`id`),
  ADD KEY `bravo_locations__lft__rgt_parent_id_index` (`_lft`,`_rgt`,`parent_id`);

--
-- Indexes for table `bravo_review`
--
ALTER TABLE `bravo_review`
  ADD PRIMARY KEY (`id`);

--
-- Indexes for table `bravo_review_meta`
--
ALTER TABLE `bravo_review_meta`
  ADD PRIMARY KEY (`id`);

--
-- Indexes for table `bravo_seo`
--
ALTER TABLE `bravo_seo`
  ADD PRIMARY KEY (`id`);

--
-- Indexes for table `bravo_terms`
--
ALTER TABLE `bravo_terms`
  ADD PRIMARY KEY (`id`);

--
-- Indexes for table `bravo_tours`
--
ALTER TABLE `bravo_tours`
  ADD PRIMARY KEY (`id`),
  ADD KEY `bravo_tours_slug_index` (`slug`);

--
-- Indexes for table `bravo_tour_category`
--
ALTER TABLE `bravo_tour_category`
  ADD PRIMARY KEY (`id`),
  ADD KEY `bravo_tour_category__lft__rgt_parent_id_index` (`_lft`,`_rgt`,`parent_id`);

--
-- Indexes for table `bravo_tour_meta`
--
ALTER TABLE `bravo_tour_meta`
  ADD PRIMARY KEY (`id`);

--
-- Indexes for table `bravo_tour_term`
--
ALTER TABLE `bravo_tour_term`
  ADD PRIMARY KEY (`id`);

--
-- Indexes for table `core_languages`
--
ALTER TABLE `core_languages`
  ADD PRIMARY KEY (`id`);

--
-- Indexes for table `core_menus`
--
ALTER TABLE `core_menus`
  ADD PRIMARY KEY (`id`);

--
-- Indexes for table `core_model_has_permissions`
--
ALTER TABLE `core_model_has_permissions`
  ADD PRIMARY KEY (`permission_id`,`model_id`,`model_type`),
  ADD KEY `core_model_has_permissions_model_id_model_type_index` (`model_id`,`model_type`);

--
-- Indexes for table `core_model_has_roles`
--
ALTER TABLE `core_model_has_roles`
  ADD PRIMARY KEY (`role_id`,`model_id`,`model_type`),
  ADD KEY `core_model_has_roles_model_id_model_type_index` (`model_id`,`model_type`);

--
-- Indexes for table `core_news`
--
ALTER TABLE `core_news`
  ADD PRIMARY KEY (`id`);

--
-- Indexes for table `core_news_category`
--
ALTER TABLE `core_news_category`
  ADD PRIMARY KEY (`id`),
  ADD KEY `core_news_category__lft__rgt_parent_id_index` (`_lft`,`_rgt`,`parent_id`);

--
-- Indexes for table `core_news_tag`
--
ALTER TABLE `core_news_tag`
  ADD PRIMARY KEY (`id`);

--
-- Indexes for table `core_pages`
--
ALTER TABLE `core_pages`
  ADD PRIMARY KEY (`id`),
  ADD KEY `core_pages_slug_index` (`slug`);

--
-- Indexes for table `core_permissions`
--
ALTER TABLE `core_permissions`
  ADD PRIMARY KEY (`id`);

--
-- Indexes for table `core_roles`
--
ALTER TABLE `core_roles`
  ADD PRIMARY KEY (`id`);

--
-- Indexes for table `core_role_has_permissions`
--
ALTER TABLE `core_role_has_permissions`
  ADD PRIMARY KEY (`permission_id`,`role_id`),
  ADD KEY `core_role_has_permissions_role_id_foreign` (`role_id`);

--
-- Indexes for table `core_settings`
--
ALTER TABLE `core_settings`
  ADD PRIMARY KEY (`id`);

--
-- Indexes for table `core_subscribers`
--
ALTER TABLE `core_subscribers`
  ADD PRIMARY KEY (`id`);

--
-- Indexes for table `core_tags`
--
ALTER TABLE `core_tags`
  ADD PRIMARY KEY (`id`);

--
-- Indexes for table `core_templates`
--
ALTER TABLE `core_templates`
  ADD PRIMARY KEY (`id`);

--
-- Indexes for table `core_translations`
--
ALTER TABLE `core_translations`
  ADD PRIMARY KEY (`id`);

--
-- Indexes for table `media_files`
--
ALTER TABLE `media_files`
  ADD PRIMARY KEY (`id`);

--
-- Indexes for table `migrations`
--
ALTER TABLE `migrations`
  ADD PRIMARY KEY (`id`);

--
-- Indexes for table `password_resets`
--
ALTER TABLE `password_resets`
  ADD KEY `password_resets_email_index` (`email`);

--
-- Indexes for table `users`
--
ALTER TABLE `users`
  ADD PRIMARY KEY (`id`),
  ADD UNIQUE KEY `users_email_unique` (`email`);

--
-- Indexes for table `user_meta`
--
ALTER TABLE `user_meta`
  ADD PRIMARY KEY (`id`);

--
-- AUTO_INCREMENT for dumped tables
--

--
-- AUTO_INCREMENT for table `bravo_attrs`
--
ALTER TABLE `bravo_attrs`
  MODIFY `id` bigint(20) UNSIGNED NOT NULL AUTO_INCREMENT, AUTO_INCREMENT=3;

--
-- AUTO_INCREMENT for table `bravo_bookings`
--
ALTER TABLE `bravo_bookings`
  MODIFY `id` bigint(20) UNSIGNED NOT NULL AUTO_INCREMENT, AUTO_INCREMENT=2;

--
-- AUTO_INCREMENT for table `bravo_booking_meta`
--
ALTER TABLE `bravo_booking_meta`
  MODIFY `id` bigint(20) UNSIGNED NOT NULL AUTO_INCREMENT, AUTO_INCREMENT=7;

--
-- AUTO_INCREMENT for table `bravo_booking_payments`
--
ALTER TABLE `bravo_booking_payments`
  MODIFY `id` bigint(20) UNSIGNED NOT NULL AUTO_INCREMENT;

--
-- AUTO_INCREMENT for table `bravo_contact`
--
ALTER TABLE `bravo_contact`
  MODIFY `id` bigint(20) UNSIGNED NOT NULL AUTO_INCREMENT;

--
-- AUTO_INCREMENT for table `bravo_locations`
--
ALTER TABLE `bravo_locations`
  MODIFY `id` bigint(20) UNSIGNED NOT NULL AUTO_INCREMENT, AUTO_INCREMENT=9;

--
-- AUTO_INCREMENT for table `bravo_review`
--
ALTER TABLE `bravo_review`
  MODIFY `id` bigint(20) UNSIGNED NOT NULL AUTO_INCREMENT, AUTO_INCREMENT=46;

--
-- AUTO_INCREMENT for table `bravo_review_meta`
--
ALTER TABLE `bravo_review_meta`
  MODIFY `id` bigint(20) UNSIGNED NOT NULL AUTO_INCREMENT, AUTO_INCREMENT=226;

--
-- AUTO_INCREMENT for table `bravo_seo`
--
ALTER TABLE `bravo_seo`
  MODIFY `id` bigint(20) UNSIGNED NOT NULL AUTO_INCREMENT;

--
-- AUTO_INCREMENT for table `bravo_terms`
--
ALTER TABLE `bravo_terms`
  MODIFY `id` bigint(20) UNSIGNED NOT NULL AUTO_INCREMENT, AUTO_INCREMENT=15;

--
-- AUTO_INCREMENT for table `bravo_tours`
--
ALTER TABLE `bravo_tours`
  MODIFY `id` bigint(20) UNSIGNED NOT NULL AUTO_INCREMENT, AUTO_INCREMENT=17;

--
-- AUTO_INCREMENT for table `bravo_tour_category`
--
ALTER TABLE `bravo_tour_category`
  MODIFY `id` bigint(20) UNSIGNED NOT NULL AUTO_INCREMENT, AUTO_INCREMENT=5;

--
-- AUTO_INCREMENT for table `bravo_tour_meta`
--
ALTER TABLE `bravo_tour_meta`
  MODIFY `id` bigint(20) UNSIGNED NOT NULL AUTO_INCREMENT, AUTO_INCREMENT=17;

--
-- AUTO_INCREMENT for table `bravo_tour_term`
--
ALTER TABLE `bravo_tour_term`
  MODIFY `id` bigint(20) UNSIGNED NOT NULL AUTO_INCREMENT;

--
-- AUTO_INCREMENT for table `core_languages`
--
ALTER TABLE `core_languages`
  MODIFY `id` bigint(20) UNSIGNED NOT NULL AUTO_INCREMENT;

--
-- AUTO_INCREMENT for table `core_menus`
--
ALTER TABLE `core_menus`
  MODIFY `id` bigint(20) UNSIGNED NOT NULL AUTO_INCREMENT, AUTO_INCREMENT=2;

--
-- AUTO_INCREMENT for table `core_news`
--
ALTER TABLE `core_news`
  MODIFY `id` bigint(20) UNSIGNED NOT NULL AUTO_INCREMENT, AUTO_INCREMENT=9;

--
-- AUTO_INCREMENT for table `core_news_category`
--
ALTER TABLE `core_news_category`
  MODIFY `id` bigint(20) UNSIGNED NOT NULL AUTO_INCREMENT, AUTO_INCREMENT=7;

--
-- AUTO_INCREMENT for table `core_news_tag`
--
ALTER TABLE `core_news_tag`
  MODIFY `id` bigint(20) UNSIGNED NOT NULL AUTO_INCREMENT;

--
-- AUTO_INCREMENT for table `core_pages`
--
ALTER TABLE `core_pages`
  MODIFY `id` bigint(20) UNSIGNED NOT NULL AUTO_INCREMENT, AUTO_INCREMENT=2;

--
-- AUTO_INCREMENT for table `core_permissions`
--
ALTER TABLE `core_permissions`
  MODIFY `id` int(10) UNSIGNED NOT NULL AUTO_INCREMENT, AUTO_INCREMENT=58;

--
-- AUTO_INCREMENT for table `core_roles`
--
ALTER TABLE `core_roles`
  MODIFY `id` int(10) UNSIGNED NOT NULL AUTO_INCREMENT, AUTO_INCREMENT=4;

--
-- AUTO_INCREMENT for table `core_settings`
--
ALTER TABLE `core_settings`
  MODIFY `id` bigint(20) UNSIGNED NOT NULL AUTO_INCREMENT, AUTO_INCREMENT=33;

--
-- AUTO_INCREMENT for table `core_subscribers`
--
ALTER TABLE `core_subscribers`
  MODIFY `id` bigint(20) UNSIGNED NOT NULL AUTO_INCREMENT;

--
-- AUTO_INCREMENT for table `core_tags`
--
ALTER TABLE `core_tags`
  MODIFY `id` bigint(20) UNSIGNED NOT NULL AUTO_INCREMENT, AUTO_INCREMENT=7;

--
-- AUTO_INCREMENT for table `core_templates`
--
ALTER TABLE `core_templates`
  MODIFY `id` bigint(20) UNSIGNED NOT NULL AUTO_INCREMENT, AUTO_INCREMENT=2;

--
-- AUTO_INCREMENT for table `core_translations`
--
ALTER TABLE `core_translations`
  MODIFY `id` bigint(20) UNSIGNED NOT NULL AUTO_INCREMENT;

--
-- AUTO_INCREMENT for table `media_files`
--
ALTER TABLE `media_files`
  MODIFY `id` bigint(20) UNSIGNED NOT NULL AUTO_INCREMENT, AUTO_INCREMENT=63;

--
-- AUTO_INCREMENT for table `migrations`
--
ALTER TABLE `migrations`
  MODIFY `id` int(10) UNSIGNED NOT NULL AUTO_INCREMENT, AUTO_INCREMENT=30;

--
-- AUTO_INCREMENT for table `users`
--
ALTER TABLE `users`
  MODIFY `id` bigint(20) UNSIGNED NOT NULL AUTO_INCREMENT, AUTO_INCREMENT=6;

--
-- AUTO_INCREMENT for table `user_meta`
--
ALTER TABLE `user_meta`
  MODIFY `id` bigint(20) UNSIGNED NOT NULL AUTO_INCREMENT;

--
-- Constraints for dumped tables
--

--
-- Constraints for table `core_model_has_permissions`
--
ALTER TABLE `core_model_has_permissions`
  ADD CONSTRAINT `core_model_has_permissions_permission_id_foreign` FOREIGN KEY (`permission_id`) REFERENCES `core_permissions` (`id`) ON DELETE CASCADE;

--
-- Constraints for table `core_model_has_roles`
--
ALTER TABLE `core_model_has_roles`
  ADD CONSTRAINT `core_model_has_roles_role_id_foreign` FOREIGN KEY (`role_id`) REFERENCES `core_roles` (`id`) ON DELETE CASCADE;

--
-- Constraints for table `core_role_has_permissions`
--
ALTER TABLE `core_role_has_permissions`
  ADD CONSTRAINT `core_role_has_permissions_permission_id_foreign` FOREIGN KEY (`permission_id`) REFERENCES `core_permissions` (`id`) ON DELETE CASCADE,
  ADD CONSTRAINT `core_role_has_permissions_role_id_foreign` FOREIGN KEY (`role_id`) REFERENCES `core_roles` (`id`) ON DELETE CASCADE;
COMMIT;

/*!40101 SET CHARACTER_SET_CLIENT=@OLD_CHARACTER_SET_CLIENT */;
/*!40101 SET CHARACTER_SET_RESULTS=@OLD_CHARACTER_SET_RESULTS */;
/*!40101 SET COLLATION_CONNECTION=@OLD_COLLATION_CONNECTION */;
